scope,sheet,row_number,machine_code,product_text,agiz_mm,gramaj_gr,raw_F,raw_G,raw_J,raw_K,raw_L,numeric_J,numeric_K,numeric_L,parse_status
fallback_latest_370_rows_largest_sheet,ESKİ,1113,182,400 CC Z101 26 ŞEFFAF ŞEFFAF PALET STANDART,,,182,400 CC Z101 26 ŞEFFAF ŞEFFAF PALET STANDART,4,4,14.21,4,4,14.21,missing_agiz_mm_gramaj_gr
fallback_latest_370_rows_largest_sheet,ESKİ,1114,401,700 CC S008 90 ŞEFFAF ŞEFFAF PLS. PLT STANDART,,,401,700 CC S008 90 ŞEFFAF ŞEFFAF PLS. PLT STANDART,1,1,10.7,1,1,10.7,missing_agiz_mm_gramaj_gr
fallback_latest_370_rows_largest_sheet,ESKİ,1115,404,300 CC S053 24 ŞEFFAF ŞEFFAF PLS. PLT STANDART,,,404,300 CC S053 24 ŞEFFAF ŞEFFAF PLS. PLT STANDART,2,2,7.4,2,2,7.4,missing_agiz_mm_gramaj_gr
fallback_latest_370_rows_largest_sheet,ESKİ,1116,405,350 CC S012 46 OPAK SİYAH PALET STANDART,,,405,350 CC S012 46 OPAK SİYAH PALET STANDART,2,2,8,2,2,8,missing_agiz_mm_gramaj_gr
fallback_latest_370_rows_largest_sheet,ESKİ,1117,171,500 CC D088 45 ŞEFFAF ŞEFFAF PLS. PLT STANDART,,,171,500 CC D088 45 ŞEFFAF ŞEFFAF PLS. PLT STANDART,3,3,13.65,3,3,13.65,missing_agiz_mm_gramaj_gr
fallback_latest_370_rows_largest_sheet,ESKİ,1118,172,1000 CC D125 52 ŞEFFAF ŞEFFAF PALET STANDART,,,172,1000 CC D125 52 ŞEFFAF ŞEFFAF PALET STANDART,4,4,17.94,4,4,17.94,missing_agiz_mm_gramaj_gr
fallback_latest_370_rows_largest_sheet,ESKİ,1119,175,750 CC D072 35 ŞEFFAF ŞEFFAF PALET STANDART,,,175,750 CC D072 35 ŞEFFAF ŞEFFAF PALET STANDART,5,5,14.12,5,5,14.12,missing_agiz_mm_gramaj_gr
fallback_latest_370_rows_largest_sheet,ESKİ,1120,176,1000 CC D107 52 OPAK BEYAZ PALET STANDART,,,176,1000 CC D107 52 OPAK BEYAZ PALET STANDART,5,5,19.36,5,5,19.36,missing_agiz_mm_gramaj_gr
fallback_latest_370_rows_largest_sheet,ESKİ,1121,177,900 CC D066 45 ŞEFFAF SARI PLS. PLT STANDART,,,177,900 CC D066 45 ŞEFFAF SARI PLS. PLT STANDART,4,4,15,4,4,15,missing_agiz_mm_gramaj_gr
fallback_latest_370_rows_largest_sheet,ESKİ,1122,131,100 CC Y274 25 ŞEFFAF TURUNCU PLT.IC.KOLI STANDART,,,131,100 CC Y274 25 ŞEFFAF TURUNCU PLT.IC.KOLI STANDART,3,3,17.62,3,3,17.62,missing_agiz_mm_gramaj_gr
fallback_latest_370_rows_largest_sheet,ESKİ,1123,132,400 CC Y010 29 ŞEFFAF ŞEFFAF PALET STANDART,,,132,400 CC Y010 29 ŞEFFAF ŞEFFAF PALET STANDART,3,3,21.12,3,3,21.12,missing_agiz_mm_gramaj_gr
fallback_latest_370_rows_largest_sheet,ESKİ,1124,134,200 CC Y078 25 ŞEFFAF YEŞİL PALET KISA,,,134,200 CC Y078 25 ŞEFFAF YEŞİL PALET KISA,3,3,15.57,3,3,15.57,missing_agiz_mm_gramaj_gr
fallback_latest_370_rows_largest_sheet,ESKİ,1125,135,150 CC Y341 25 ŞEFFAF KAHVE KOLI STANDART,,,135,150 CC Y341 25 ŞEFFAF KAHVE KOLI STANDART,2,2,19.87,2,2,19.87,missing_agiz_mm_gramaj_gr
fallback_latest_370_rows_largest_sheet,ESKİ,1126,201,E056 28 MM TIPA 1 ŞEFFAF ŞEFFAF PLT.IC.KOLI STANDART,28,,201,E056 28 MM TIPA 1 ŞEFFAF ŞEFFAF PLT.IC.KOLI STANDART,24,18,30,24,18,30,missing_gramaj_gr
fallback_latest_370_rows_largest_sheet,ESKİ,1127,205,E049 24 MM KAPAK 3 OPAK YEŞİL PLT.IC.KOLI STANDART,24,,205,E049 24 MM KAPAK 3 OPAK YEŞİL PLT.IC.KOLI STANDART,12,10,23.9,12,10,23.9,missing_gramaj_gr
fallback_latest_370_rows_largest_sheet,ESKİ,1128,207,E121A 28MM TRIMSIZ KAPAK 10 OPAK KIRMIZI KOLI STANDART,28,,207,E121A 28MM TRIMSIZ KAPAK 10 OPAK KIRMIZI KOLI STANDART,12,9,30.04,12,9,30.04,missing_gramaj_gr
fallback_latest_370_rows_largest_sheet,ESKİ,1129,208,E063 110 MM 32 OPAK SARI KOLI STANDART,110,,208,E063 110 MM 32 OPAK SARI KOLI STANDART,4,2,23.67,4,2,23.67,missing_gramaj_gr
fallback_latest_370_rows_largest_sheet,ESKİ,1130,209,E125 62 MM BAHARAT FLİPTOP 12 OPAK YEŞİL PLT.IC.KOLI STANDART,62,,209,E125 62 MM BAHARAT FLİPTOP 12 OPAK YEŞİL PLT.IC.KOLI STANDART,4,3,27,4,3,27,missing_gramaj_gr
fallback_latest_370_rows_largest_sheet,ESKİ,1131,210,E032 100 MM ETİKETLİ FOLYOLU 13 OPAK GOLD PLT.IC.KOLI STANDART,100,,210,E032 100 MM ETİKETLİ FOLYOLU 13 OPAK GOLD PLT.IC.KOLI STANDART,4,3,19.7,4,3,19.7,missing_gramaj_gr
fallback_latest_370_rows_largest_sheet,ESKİ,1132,102,500 CC SP052 25 ŞEFFAF ŞEFFAF PALET STANDART,,,102,500 CC SP052 25 ŞEFFAF ŞEFFAF PALET STANDART,6,6,16,6,6,16,missing_agiz_mm_gramaj_gr
fallback_latest_370_rows_largest_sheet,ESKİ,1133,103,700 CC SP009 40 ŞEFFAF SARI PLS. PLT STANDART,,,103,700 CC SP009 40 ŞEFFAF SARI PLS. PLT STANDART,5,5,14.52,5,5,14.52,missing_agiz_mm_gramaj_gr
fallback_latest_370_rows_largest_sheet,ESKİ,1134,104,100 CC SP055 20 ŞEFFAF ŞEFFAF YÜKSEK PALET STANDART,,,104,100 CC SP055 20 ŞEFFAF ŞEFFAF YÜKSEK PALET STANDART,9,9,15.03,9,9,15.03,missing_agiz_mm_gramaj_gr
fallback_latest_370_rows_largest_sheet,ESKİ,1135,162,1000 CC X233 52 ŞEFFAF ŞEFFAF PALET STANDART,,,162,1000 CC X233 52 ŞEFFAF ŞEFFAF PALET STANDART,2,2,24,2,2,24,missing_agiz_mm_gramaj_gr
fallback_latest_370_rows_largest_sheet,ESKİ,1136,163,500 CC X395 35 ŞEFFAF ŞEFFAF PALET STANDART,,,163,500 CC X395 35 ŞEFFAF ŞEFFAF PALET STANDART,2,2,18.59,2,2,18.59,missing_agiz_mm_gramaj_gr
fallback_latest_370_rows_largest_sheet,ESKİ,1137,164,1500 CC X381 52 ŞEFFAF ŞEFFAF PALET STANDART,,,164,1500 CC X381 52 ŞEFFAF ŞEFFAF PALET STANDART,2,2,22.8,2,2,22.8,missing_agiz_mm_gramaj_gr
fallback_latest_370_rows_largest_sheet,ESKİ,1138,181,750 CC Z105 28 OPAK MAVİ PLS. PLT STANDART,,,181,750 CC Z105 28 OPAK MAVİ PLS. PLT STANDART,4,4,15,4,4,15,missing_agiz_mm_gramaj_gr
fallback_latest_370_rows_largest_sheet,ESKİ,1139,182,400 CC Z101 26 ŞEFFAF ŞEFFAF PALET STANDART,,,182,400 CC Z101 26 ŞEFFAF ŞEFFAF PALET STANDART,4,4,14.26,4,4,14.26,missing_agiz_mm_gramaj_gr
fallback_latest_370_rows_largest_sheet,ESKİ,1140,401,700 CC S008 90 ŞEFFAF ŞEFFAF PLS. PLT STANDART,,,401,700 CC S008 90 ŞEFFAF ŞEFFAF PLS. PLT STANDART,1,1,10.23,1,1,10.23,missing_agiz_mm_gramaj_gr
fallback_latest_370_rows_largest_sheet,ESKİ,1141,171,350 CC D026 45 OPAK SİYAH PALET STANDART,,,171,350 CC D026 45 OPAK SİYAH PALET STANDART,3,3,16.78,3,3,16.78,missing_agiz_mm_gramaj_gr
fallback_latest_370_rows_largest_sheet,ESKİ,1142,172,1000 CC D057 52 OPAK MAVİ PALET STANDART,,,172,1000 CC D057 52 OPAK MAVİ PALET STANDART,4,4,21.31,4,4,21.31,missing_agiz_mm_gramaj_gr
fallback_latest_370_rows_largest_sheet,ESKİ,1143,175,750 CC D072 35 ŞEFFAF ŞEFFAF PALET STANDART,,,175,750 CC D072 35 ŞEFFAF ŞEFFAF PALET STANDART,5,5,14.66,5,5,14.66,missing_agiz_mm_gramaj_gr
fallback_latest_370_rows_largest_sheet,ESKİ,1144,176,1000 CC D107 52 OPAK BEYAZ PALET STANDART,,,176,1000 CC D107 52 OPAK BEYAZ PALET STANDART,5,5,19.28,5,5,19.28,missing_agiz_mm_gramaj_gr
fallback_latest_370_rows_largest_sheet,ESKİ,1145,131,100 CC Y274 25 ŞEFFAF TURUNCU PLT.IC.KOLI STANDART,,,131,100 CC Y274 25 ŞEFFAF TURUNCU PLT.IC.KOLI STANDART,3,3,17.87,3,3,17.87,missing_agiz_mm_gramaj_gr
fallback_latest_370_rows_largest_sheet,ESKİ,1146,132,400 CC Y010 29 ŞEFFAF ŞEFFAF PALET STANDART,,,132,400 CC Y010 29 ŞEFFAF ŞEFFAF PALET STANDART,3,3,21.16,3,3,21.16,missing_agiz_mm_gramaj_gr
fallback_latest_370_rows_largest_sheet,ESKİ,1147,134,200 CC Y078 25 ŞEFFAF SARI PALET KISA,,,134,200 CC Y078 25 ŞEFFAF SARI PALET KISA,3,3,15.7,3,3,15.7,missing_agiz_mm_gramaj_gr
fallback_latest_370_rows_largest_sheet,ESKİ,1148,135,110 CC Y343 25 OPAK SİYAH PLT.IC.KOLI STANDART,,,135,110 CC Y343 25 OPAK SİYAH PLT.IC.KOLI STANDART,2,2,19.87,2,2,19.87,missing_agiz_mm_gramaj_gr
fallback_latest_370_rows_largest_sheet,ESKİ,1149,203,E129 6 ŞEFFAF SARI PLT.IC.KOLI STANDART,,,203,E129 6 ŞEFFAF SARI PLT.IC.KOLI STANDART,8,8,18.5,8,8,18.5,missing_agiz_mm_gramaj_gr
fallback_latest_370_rows_largest_sheet,ESKİ,1150,204,E026 68 MM 8 OPAK BEYAZ KOLI STANDART,68,,204,E026 68 MM 8 OPAK BEYAZ KOLI STANDART,4,4,31.6,4,4,31.6,missing_gramaj_gr
fallback_latest_370_rows_largest_sheet,ESKİ,1151,205,E049 24 MM KAPAK 3 OPAK YEŞİL PLT.IC.KOLI STANDART,24,,205,E049 24 MM KAPAK 3 OPAK YEŞİL PLT.IC.KOLI STANDART,12,10,23.5,12,10,23.5,missing_gramaj_gr
fallback_latest_370_rows_largest_sheet,ESKİ,1152,207,E121A 28MM TRIMSIZ KAPAK 10 OPAK KIRMIZI KOLI STANDART,28,,207,E121A 28MM TRIMSIZ KAPAK 10 OPAK KIRMIZI KOLI STANDART,12,9,29.47,12,9,29.47,missing_gramaj_gr
fallback_latest_370_rows_largest_sheet,ESKİ,1153,209,E125 62 MM BAHARAT FLİPTOP 12 OPAK YEŞİL PLT.IC.KOLI STANDART,62,,209,E125 62 MM BAHARAT FLİPTOP 12 OPAK YEŞİL PLT.IC.KOLI STANDART,4,3,27.2,4,3,27.2,missing_gramaj_gr
fallback_latest_370_rows_largest_sheet,ESKİ,1154,210,E031 110 MM 17 OPAK SARI PLT.IC.KOLI STANDART,110,,210,E031 110 MM 17 OPAK SARI PLT.IC.KOLI STANDART,4,4,22,4,4,22,missing_gramaj_gr
fallback_latest_370_rows_largest_sheet,ESKİ,1155,303,PR014 110 MM 12 GÖZ YİVLİ PREFORM 91 ŞEFFAF ŞEFFAF KOLI STANDART,110,,303,PR014 110 MM 12 GÖZ YİVLİ PREFORM 91 ŞEFFAF ŞEFFAF KOLI STANDART,12,7,37.5,12,7,37.5,missing_gramaj_gr
fallback_latest_370_rows_largest_sheet,ESKİ,1156,501,1000 CC P128 43 OPAK BEYAZ PALET STANDART,,,501,1000 CC P128 43 OPAK BEYAZ PALET STANDART,6,6,19.02,6,6,19.02,missing_agiz_mm_gramaj_gr
fallback_latest_370_rows_largest_sheet,ESKİ,1157,212,E123 28 MM FLİPTOP 13 ŞEFFAF SARI PLT.IC.KOLI STANDART,28,,212,E123 28 MM FLİPTOP 13 ŞEFFAF SARI PLT.IC.KOLI STANDART,12,12,33.87,12,12,33.87,missing_gramaj_gr
fallback_latest_370_rows_largest_sheet,ESKİ,1158,211,E039 24 MM PİM 1 ŞEFFAF ŞEFFAF PLT.IC.KOLI STANDART,24,,211,E039 24 MM PİM 1 ŞEFFAF ŞEFFAF PLT.IC.KOLI STANDART,24,9,19.5,24,9,19.5,missing_gramaj_gr
fallback_latest_370_rows_largest_sheet,ESKİ,1159,102,500 CC SP052 25 ŞEFFAF ŞEFFAF PALET STANDART,,,102,500 CC SP052 25 ŞEFFAF ŞEFFAF PALET STANDART,6,6,15.53,6,6,15.53,missing_agiz_mm_gramaj_gr
fallback_latest_370_rows_largest_sheet,ESKİ,1160,103,700 CC SP009 40 ŞEFFAF SARI PLS. PLT STANDART,,,103,700 CC SP009 40 ŞEFFAF SARI PLS. PLT STANDART,5,5,14.68,5,5,14.68,missing_agiz_mm_gramaj_gr
fallback_latest_370_rows_largest_sheet,ESKİ,1161,104,100 CC SP055 20 ŞEFFAF ŞEFFAF YÜKSEK PALET STANDART,,,104,100 CC SP055 20 ŞEFFAF ŞEFFAF YÜKSEK PALET STANDART,9,9,15.22,9,9,15.22,missing_agiz_mm_gramaj_gr
fallback_latest_370_rows_largest_sheet,ESKİ,1162,162,1000 CC X233 52 ŞEFFAF ŞEFFAF PALET STANDART,,,162,1000 CC X233 52 ŞEFFAF ŞEFFAF PALET STANDART,2,2,24,2,2,24,missing_agiz_mm_gramaj_gr
fallback_latest_370_rows_largest_sheet,ESKİ,1163,164,1500 CC X381 52 ŞEFFAF ŞEFFAF PALET STANDART,,,164,1500 CC X381 52 ŞEFFAF ŞEFFAF PALET STANDART,2,2,22.79,2,2,22.79,missing_agiz_mm_gramaj_gr
fallback_latest_370_rows_largest_sheet,ESKİ,1164,181,750 CC Z105 28 OPAK MAVİ PLS. PLT STANDART,,,181,750 CC Z105 28 OPAK MAVİ PLS. PLT STANDART,4,4,15,4,4,15,missing_agiz_mm_gramaj_gr
fallback_latest_370_rows_largest_sheet,ESKİ,1165,182,400 CC Z101 26 ŞEFFAF ŞEFFAF PALET STANDART,,,182,400 CC Z101 26 ŞEFFAF ŞEFFAF PALET STANDART,4,4,14.16,4,4,14.16,missing_agiz_mm_gramaj_gr
fallback_latest_370_rows_largest_sheet,ESKİ,1166,402,1500 CC S043 74 OPAK BEYAZ PALET STANDART,,,402,1500 CC S043 74 OPAK BEYAZ PALET STANDART,2,2,10,2,2,10,missing_agiz_mm_gramaj_gr
fallback_latest_370_rows_largest_sheet,ESKİ,1167,404,1000 CC S057 43 ŞEFFAF ŞEFFAF YÜKSEK PALET STANDART,,,404,1000 CC S057 43 ŞEFFAF ŞEFFAF YÜKSEK PALET STANDART,2,2,7.7,2,2,7.7,missing_agiz_mm_gramaj_gr
fallback_latest_370_rows_largest_sheet,ESKİ,1168,172,1000 CC D057 52 OPAK MAVİ PALET STANDART,,,172,1000 CC D057 52 OPAK MAVİ PALET STANDART,4,4,20.32,4,4,20.32,missing_agiz_mm_gramaj_gr
fallback_latest_370_rows_largest_sheet,ESKİ,1169,174,350 CC D026 45 OPAK SİYAH PALET STANDART,,,174,350 CC D026 45 OPAK SİYAH PALET STANDART,3,3,17.96,3,3,17.96,missing_agiz_mm_gramaj_gr
fallback_latest_370_rows_largest_sheet,ESKİ,1170,176,1000 CC D107 52 OPAK BEYAZ PALET STANDART,,,176,1000 CC D107 52 OPAK BEYAZ PALET STANDART,5,5,18.21,5,5,18.21,missing_agiz_mm_gramaj_gr
fallback_latest_370_rows_largest_sheet,ESKİ,1171,177,400 CC D099 45 ŞEFFAF ŞEFFAF PALET STANDART,,,177,400 CC D099 45 ŞEFFAF ŞEFFAF PALET STANDART,4,4,15.63,4,4,15.63,missing_agiz_mm_gramaj_gr
fallback_latest_370_rows_largest_sheet,ESKİ,1172,131,100 CC Y274 25 ŞEFFAF TURUNCU PLT.IC.KOLI STANDART,,,131,100 CC Y274 25 ŞEFFAF TURUNCU PLT.IC.KOLI STANDART,3,3,17.85,3,3,17.85,missing_agiz_mm_gramaj_gr
fallback_latest_370_rows_largest_sheet,ESKİ,1173,132,400 CC Y010 29 ŞEFFAF ŞEFFAF PALET STANDART,,,132,400 CC Y010 29 ŞEFFAF ŞEFFAF PALET STANDART,3,3,21.11,3,3,21.11,missing_agiz_mm_gramaj_gr
fallback_latest_370_rows_largest_sheet,ESKİ,1174,134,200 CC Y078 25 ŞEFFAF TURUNCU PALET KISA,,,134,200 CC Y078 25 ŞEFFAF TURUNCU PALET KISA,3,3,15.75,3,3,15.75,missing_agiz_mm_gramaj_gr
fallback_latest_370_rows_largest_sheet,ESKİ,1175,135,110 CC Y343 25 OPAK SİYAH PLT.IC.KOLI STANDART,,,135,110 CC Y343 25 OPAK SİYAH PLT.IC.KOLI STANDART,2,2,19.88,2,2,19.88,missing_agiz_mm_gramaj_gr
fallback_latest_370_rows_largest_sheet,ESKİ,1176,202,E008 24 MM 9 OPAK SİYAH KOLI STANDART,24,,202,E008 24 MM 9 OPAK SİYAH KOLI STANDART,8,7,35.5,8,7,35.5,missing_gramaj_gr
fallback_latest_370_rows_largest_sheet,ESKİ,1177,203,E129 6 ŞEFFAF SARI PLT.IC.KOLI STANDART,,,203,E129 6 ŞEFFAF SARI PLT.IC.KOLI STANDART,8,8,18.5,8,8,18.5,missing_agiz_mm_gramaj_gr
fallback_latest_370_rows_largest_sheet,ESKİ,1178,204,E026 68 MM 8 OPAK BEYAZ KOLI STANDART,68,,204,E026 68 MM 8 OPAK BEYAZ KOLI STANDART,4,4,31.6,4,4,31.6,missing_gramaj_gr
fallback_latest_370_rows_largest_sheet,ESKİ,1179,205,E049 24 MM KAPAK 3 OPAK YEŞİL PLT.IC.KOLI STANDART,24,,205,E049 24 MM KAPAK 3 OPAK YEŞİL PLT.IC.KOLI STANDART,12,10,23.3,12,10,23.3,missing_gramaj_gr
fallback_latest_370_rows_largest_sheet,ESKİ,1180,207,E121A 28MM TRIMSIZ KAPAK 10 OPAK KIRMIZI KOLI STANDART,28,,207,E121A 28MM TRIMSIZ KAPAK 10 OPAK KIRMIZI KOLI STANDART,12,9,29.61,12,9,29.61,missing_gramaj_gr
fallback_latest_370_rows_largest_sheet,ESKİ,1181,209,E125 62 MM BAHARAT FLİPTOP 12 OPAK YEŞİL PLT.IC.KOLI STANDART,62,,209,E125 62 MM BAHARAT FLİPTOP 12 OPAK YEŞİL PLT.IC.KOLI STANDART,4,3,27.5,4,3,27.5,missing_gramaj_gr
fallback_latest_370_rows_largest_sheet,ESKİ,1182,501,1000 CC P128 43 OPAK BEYAZ PALET STANDART,,,501,1000 CC P128 43 OPAK BEYAZ PALET STANDART,6,6,18.02,6,6,18.02,missing_agiz_mm_gramaj_gr
fallback_latest_370_rows_largest_sheet,ESKİ,1183,212,E123 28 MM FLİPTOP 13 ŞEFFAF SARI PLT.IC.KOLI STANDART,28,,212,E123 28 MM FLİPTOP 13 ŞEFFAF SARI PLT.IC.KOLI STANDART,12,11,33.67,12,11,33.67,missing_gramaj_gr
fallback_latest_370_rows_largest_sheet,ESKİ,1184,102,400 CC SP040 25 ŞEFFAF ŞEFFAF PLS. PLT K.TAVA STANDART,,,102,400 CC SP040 25 ŞEFFAF ŞEFFAF PLS. PLT K.TAVA STANDART,6,6,12.79,6,6,12.79,missing_agiz_mm_gramaj_gr
fallback_latest_370_rows_largest_sheet,ESKİ,1185,103,700 CC SP009 40 ŞEFFAF SARI PLS. PLT STANDART,,,103,700 CC SP009 40 ŞEFFAF SARI PLS. PLT STANDART,5,5,14.72,5,5,14.72,missing_agiz_mm_gramaj_gr
fallback_latest_370_rows_largest_sheet,ESKİ,1186,161,1000 CC X288 45 ŞEFFAF ŞEFFAF PLS. PLT STANDART,,,161,1000 CC X288 45 ŞEFFAF ŞEFFAF PLS. PLT STANDART,2,2,21,2,2,21,missing_agiz_mm_gramaj_gr
fallback_latest_370_rows_largest_sheet,ESKİ,1187,162,1000 CC X233 52 ŞEFFAF ŞEFFAF PALET STANDART,,,162,1000 CC X233 52 ŞEFFAF ŞEFFAF PALET STANDART,2,2,24,2,2,24,missing_agiz_mm_gramaj_gr
fallback_latest_370_rows_largest_sheet,ESKİ,1188,163,500 CC X200 35 ŞEFFAF MAVİ PALET STANDART,,,163,500 CC X200 35 ŞEFFAF MAVİ PALET STANDART,2,2,19.49,2,2,19.49,missing_agiz_mm_gramaj_gr
fallback_latest_370_rows_largest_sheet,ESKİ,1189,164,1000 CC X134 52 ŞEFFAF ŞEFFAF PALET STANDART,,,164,1000 CC X134 52 ŞEFFAF ŞEFFAF PALET STANDART,2,2,22.79,2,2,22.79,missing_agiz_mm_gramaj_gr
fallback_latest_370_rows_largest_sheet,ESKİ,1190,181,750 CC Z104 28 ŞEFFAF ŞEFFAF PLS. PLT STANDART,,,181,750 CC Z104 28 ŞEFFAF ŞEFFAF PLS. PLT STANDART,4,4,14.5,4,4,14.5,missing_agiz_mm_gramaj_gr
fallback_latest_370_rows_largest_sheet,ESKİ,1191,401,1500 CC S011 125 ŞEFFAF ŞEFFAF PLS. PLT STANDART,,,401,1500 CC S011 125 ŞEFFAF ŞEFFAF PLS. PLT STANDART,1,1,9.29,1,1,9.29,missing_agiz_mm_gramaj_gr
fallback_latest_370_rows_largest_sheet,ESKİ,1192,172,1000 CC D057 52 OPAK MAVİ PALET STANDART,,,172,1000 CC D057 52 OPAK MAVİ PALET STANDART,4,4,17.41,4,4,17.41,missing_agiz_mm_gramaj_gr
fallback_latest_370_rows_largest_sheet,ESKİ,1193,174,350 CC D026 45 OPAK SİYAH PALET STANDART,,,174,350 CC D026 45 OPAK SİYAH PALET STANDART,3,3,15.66,3,3,15.66,missing_agiz_mm_gramaj_gr
fallback_latest_370_rows_largest_sheet,ESKİ,1194,176,1000 CC D107 52 OPAK BEYAZ PALET STANDART,,,176,1000 CC D107 52 OPAK BEYAZ PALET STANDART,5,5,19.08,5,5,19.08,missing_agiz_mm_gramaj_gr
fallback_latest_370_rows_largest_sheet,ESKİ,1195,131,100 CC Y274 25 ŞEFFAF TURUNCU PLT.IC.KOLI STANDART,,,131,100 CC Y274 25 ŞEFFAF TURUNCU PLT.IC.KOLI STANDART,3,3,18.42,3,3,18.42,missing_agiz_mm_gramaj_gr
fallback_latest_370_rows_largest_sheet,ESKİ,1196,132,200 CC Y296 25 OPAK BEYAZ PALET STANDART,,,132,200 CC Y296 25 OPAK BEYAZ PALET STANDART,3,3,17.36,3,3,17.36,missing_agiz_mm_gramaj_gr
fallback_latest_370_rows_largest_sheet,ESKİ,1197,133,100 CC Y243 19 ŞEFFAF TURUNCU PLT.IC.KOLI STANDART,,,133,100 CC Y243 19 ŞEFFAF TURUNCU PLT.IC.KOLI STANDART,4,4,16.97,4,4,16.97,missing_agiz_mm_gramaj_gr
fallback_latest_370_rows_largest_sheet,ESKİ,1198,134,200 CC Y078 25 OPAK BEYAZ PALET KISA,,,134,200 CC Y078 25 OPAK BEYAZ PALET KISA,3,3,15.75,3,3,15.75,missing_agiz_mm_gramaj_gr
fallback_latest_370_rows_largest_sheet,ESKİ,1199,135,110 CC Y343 25 OPAK SİYAH PLT.IC.KOLI STANDART,,,135,110 CC Y343 25 OPAK SİYAH PLT.IC.KOLI STANDART,2,2,19.94,2,2,19.94,missing_agiz_mm_gramaj_gr
fallback_latest_370_rows_largest_sheet,ESKİ,1200,138,300 CC Y347 26 ŞEFFAF ŞEFFAF PLS. PLT STANDART,,,138,300 CC Y347 26 ŞEFFAF ŞEFFAF PLS. PLT STANDART,3,3,13.38,3,3,13.38,missing_agiz_mm_gramaj_gr
fallback_latest_370_rows_largest_sheet,ESKİ,1201,203,E129 6 ŞEFFAF SARI PLT.IC.KOLI STANDART,,,203,E129 6 ŞEFFAF SARI PLT.IC.KOLI STANDART,8,8,18.3,8,8,18.3,missing_agiz_mm_gramaj_gr
fallback_latest_370_rows_largest_sheet,ESKİ,1202,205,E049 24 MM KAPAK 3 OPAK YEŞİL PLT.IC.KOLI STANDART,24,,205,E049 24 MM KAPAK 3 OPAK YEŞİL PLT.IC.KOLI STANDART,12,10,23.2,12,10,23.2,missing_gramaj_gr
fallback_latest_370_rows_largest_sheet,ESKİ,1203,209,E125 62 MM BAHARAT FLİPTOP 12 OPAK SİYAH PLT.IC.KOLI STANDART,62,,209,E125 62 MM BAHARAT FLİPTOP 12 OPAK SİYAH PLT.IC.KOLI STANDART,4,3,27.1,4,3,27.1,missing_gramaj_gr
fallback_latest_370_rows_largest_sheet,ESKİ,1204,210,E031B 110 MM FOLYOLU 17 OPAK YEŞİL PLT.IC.KOLI STANDART,110,,210,E031B 110 MM FOLYOLU 17 OPAK YEŞİL PLT.IC.KOLI STANDART,4,3,20.9,4,3,20.9,missing_gramaj_gr
fallback_latest_370_rows_largest_sheet,ESKİ,1205,302,PR017 38 MM 12 GÖZ YİVLİ PREFORM  73 OPAK BEYAZ KOLI STANDART,38,,302,PR017 38 MM 12 GÖZ YİVLİ PREFORM  73 OPAK BEYAZ KOLI STANDART,12,11,54.95,12,11,54.95,missing_gramaj_gr
fallback_latest_370_rows_largest_sheet,ESKİ,1206,303,PR011 110 MM 8 GÖZ YİVLİ PREFORM 125 ŞEFFAF ŞEFFAF KOLI STANDART,110,,303,PR011 110 MM 8 GÖZ YİVLİ PREFORM 125 ŞEFFAF ŞEFFAF KOLI STANDART,12,7,37.6,12,7,37.6,missing_gramaj_gr
fallback_latest_370_rows_largest_sheet,ESKİ,1207,102,1500 CC SP026 52 ŞEFFAF ŞEFFAF PALET STANDART,,,102,1500 CC SP026 52 ŞEFFAF ŞEFFAF PALET STANDART,6,6,12.88,6,6,12.88,missing_agiz_mm_gramaj_gr
fallback_latest_370_rows_largest_sheet,ESKİ,1208,103,700 CC SP009 40 ŞEFFAF SARI PLS. PLT STANDART,,,103,700 CC SP009 40 ŞEFFAF SARI PLS. PLT STANDART,5,5,15.12,5,5,15.12,missing_agiz_mm_gramaj_gr
fallback_latest_370_rows_largest_sheet,ESKİ,1209,163,500 CC X200 35 ŞEFFAF ŞEFFAF PALET STANDART,,,163,500 CC X200 35 ŞEFFAF ŞEFFAF PALET STANDART,2,2,19.5,2,2,19.5,missing_agiz_mm_gramaj_gr
fallback_latest_370_rows_largest_sheet,ESKİ,1210,164,1000 CC X404 52 ŞEFFAF ŞEFFAF PALET STANDART,,,164,1000 CC X404 52 ŞEFFAF ŞEFFAF PALET STANDART,2,2,22.8,2,2,22.8,missing_agiz_mm_gramaj_gr
fallback_latest_370_rows_largest_sheet,ESKİ,1211,401,1500 CC S011 125 ŞEFFAF ŞEFFAF PLS. PLT STANDART,,,401,1500 CC S011 125 ŞEFFAF ŞEFFAF PLS. PLT STANDART,1,1,11.37,1,1,11.37,missing_agiz_mm_gramaj_gr
fallback_latest_370_rows_largest_sheet,ESKİ,1212,172,1000 CC D057 52 OPAK MAVİ PALET STANDART,,,172,1000 CC D057 52 OPAK MAVİ PALET STANDART,4,4,17.44,4,4,17.44,missing_agiz_mm_gramaj_gr
fallback_latest_370_rows_largest_sheet,ESKİ,1213,174,350 CC D026 45 OPAK SİYAH PALET STANDART,,,174,350 CC D026 45 OPAK SİYAH PALET STANDART,3,3,14.7,3,3,14.7,missing_agiz_mm_gramaj_gr
fallback_latest_370_rows_largest_sheet,ESKİ,1214,175,500 CC D085 35 OPAK BEYAZ K.TAVA PALET STANDART,,,175,500 CC D085 35 OPAK BEYAZ K.TAVA PALET STANDART,5,5,15.97,5,5,15.97,missing_agiz_mm_gramaj_gr
fallback_latest_370_rows_largest_sheet,ESKİ,1215,176,1000 CC D107 52 OPAK BEYAZ PALET STANDART,,,176,1000 CC D107 52 OPAK BEYAZ PALET STANDART,5,5,17.18,5,5,17.18,missing_agiz_mm_gramaj_gr
fallback_latest_370_rows_largest_sheet,ESKİ,1216,131,250 CC Y115 25 ŞEFFAF MOR PALET STANDART,,,131,250 CC Y115 25 ŞEFFAF MOR PALET STANDART,3,3,18.47,3,3,18.47,missing_agiz_mm_gramaj_gr
fallback_latest_370_rows_largest_sheet,ESKİ,1217,133,100 CC Y243 19 ŞEFFAF TURUNCU PLT.IC.KOLI STANDART,,,133,100 CC Y243 19 ŞEFFAF TURUNCU PLT.IC.KOLI STANDART,4,4,17.39,4,4,17.39,missing_agiz_mm_gramaj_gr
fallback_latest_370_rows_largest_sheet,ESKİ,1218,134,200 CC Y078 25 OPAK BEYAZ PALET KISA,,,134,200 CC Y078 25 OPAK BEYAZ PALET KISA,3,3,17.04,3,3,17.04,missing_agiz_mm_gramaj_gr
fallback_latest_370_rows_largest_sheet,ESKİ,1219,203,E129 6 ŞEFFAF SARI PLT.IC.KOLI STANDART,,,203,E129 6 ŞEFFAF SARI PLT.IC.KOLI STANDART,8,8,17.6,8,8,17.6,missing_agiz_mm_gramaj_gr
fallback_latest_370_rows_largest_sheet,ESKİ,1220,205,E049 24 MM KAPAK 3 OPAK YEŞİL PLT.IC.KOLI STANDART,24,,205,E049 24 MM KAPAK 3 OPAK YEŞİL PLT.IC.KOLI STANDART,12,10,23.4,12,10,23.4,missing_gramaj_gr
fallback_latest_370_rows_largest_sheet,ESKİ,1221,207,E121A 28MM TRIMSIZ KAPAK 10 OPAK KIRMIZI KOLI STANDART,28,,207,E121A 28MM TRIMSIZ KAPAK 10 OPAK KIRMIZI KOLI STANDART,12,9,30.94,12,9,30.94,missing_gramaj_gr
fallback_latest_370_rows_largest_sheet,ESKİ,1222,209,E125 62 MM BAHARAT FLİPTOP 12 OPAK YEŞİL PLT.IC.KOLI STANDART,62,,209,E125 62 MM BAHARAT FLİPTOP 12 OPAK YEŞİL PLT.IC.KOLI STANDART,4,3,28.6,4,3,28.6,missing_gramaj_gr
fallback_latest_370_rows_largest_sheet,ESKİ,1223,210,E031B 110 MM FOLYOLU 17 OPAK GOLD PLT.IC.KOLI STANDART,110,,210,E031B 110 MM FOLYOLU 17 OPAK GOLD PLT.IC.KOLI STANDART,4,3,20.8,4,3,20.8,missing_gramaj_gr
fallback_latest_370_rows_largest_sheet,ESKİ,1224,303,PR011 110 MM 8 GÖZ YİVLİ PREFORM 125 ŞEFFAF ŞEFFAF KOLI STANDART,110,,303,PR011 110 MM 8 GÖZ YİVLİ PREFORM 125 ŞEFFAF ŞEFFAF KOLI STANDART,8,8,49.8,8,8,49.8,missing_gramaj_gr
fallback_latest_370_rows_largest_sheet,ESKİ,1225,501,350 CC P119 28 OPAK SEDEFLİ BRONZ PALET STANDART,,,501,350 CC P119 28 OPAK SEDEFLİ BRONZ PALET STANDART,6,6,15.62,6,6,15.62,missing_agiz_mm_gramaj_gr
fallback_latest_370_rows_largest_sheet,ESKİ,1226,212,E123 28 MM FLİPTOP 13 ŞEFFAF LİLA PLT.IC.KOLI STANDART,28,,212,E123 28 MM FLİPTOP 13 ŞEFFAF LİLA PLT.IC.KOLI STANDART,12,10,32.14,12,10,32.14,missing_gramaj_gr
fallback_latest_370_rows_largest_sheet,ESKİ,1227,102,1500 CC SP026 52 ŞEFFAF ŞEFFAF PALET STANDART,,,102,1500 CC SP026 52 ŞEFFAF ŞEFFAF PALET STANDART,5,5,19.7,5,5,19.7,missing_agiz_mm_gramaj_gr
fallback_latest_370_rows_largest_sheet,ESKİ,1228,103,700 CC SP009 40 ŞEFFAF SARI PLS. PLT STANDART,,,103,700 CC SP009 40 ŞEFFAF SARI PLS. PLT STANDART,5,5,14.89,5,5,14.89,missing_agiz_mm_gramaj_gr
fallback_latest_370_rows_largest_sheet,ESKİ,1229,104,150 CC SP020 20 ŞEFFAF ŞEFFAF PLS. PLT K.TAVA STANDART,,,104,150 CC SP020 20 ŞEFFAF ŞEFFAF PLS. PLT K.TAVA STANDART,9,9,12.82,9,9,12.82,missing_agiz_mm_gramaj_gr
fallback_latest_370_rows_largest_sheet,ESKİ,1230,162,1000 CC X233 52 ŞEFFAF ŞEFFAF PALET STANDART,,,162,1000 CC X233 52 ŞEFFAF ŞEFFAF PALET STANDART,2,2,24,2,2,24,missing_agiz_mm_gramaj_gr
fallback_latest_370_rows_largest_sheet,ESKİ,1231,182,450 CC Z103 26 ŞEFFAF MAVİ PALET STANDART,,,182,450 CC Z103 26 ŞEFFAF MAVİ PALET STANDART,4,4,15.22,4,4,15.22,missing_agiz_mm_gramaj_gr
fallback_latest_370_rows_largest_sheet,ESKİ,1232,401,1500 CC S011 125 ŞEFFAF ŞEFFAF PLS. PLT STANDART,,,401,1500 CC S011 125 ŞEFFAF ŞEFFAF PLS. PLT STANDART,1,1,11.7,1,1,11.7,missing_agiz_mm_gramaj_gr
fallback_latest_370_rows_largest_sheet,ESKİ,1233,402,1500 CC S043 74 OPAK BEYAZ PALET STANDART,,,402,1500 CC S043 74 OPAK BEYAZ PALET STANDART,2,2,9,2,2,9,missing_agiz_mm_gramaj_gr
fallback_latest_370_rows_largest_sheet,ESKİ,1234,172,1000 CC D057 52 OPAK MAVİ PALET STANDART,,,172,1000 CC D057 52 OPAK MAVİ PALET STANDART,4,4,17.38,4,4,17.38,missing_agiz_mm_gramaj_gr
fallback_latest_370_rows_largest_sheet,ESKİ,1235,173,950 CC D059 40 OPAK BEYAZ PALET STANDART,,,173,950 CC D059 40 OPAK BEYAZ PALET STANDART,5,5,16.29,5,5,16.29,missing_agiz_mm_gramaj_gr
fallback_latest_370_rows_largest_sheet,ESKİ,1236,174,350 CC D026 45 OPAK SİYAH PALET STANDART,,,174,350 CC D026 45 OPAK SİYAH PALET STANDART,3,3,13.53,3,3,13.53,missing_agiz_mm_gramaj_gr
fallback_latest_370_rows_largest_sheet,ESKİ,1237,175,450 CC D120 35 ŞEFFAF UV PLS. PLT K.TAVA CAKMA,,,175,450 CC D120 35 ŞEFFAF UV PLS. PLT K.TAVA CAKMA,5,5,16.05,5,5,16.05,missing_agiz_mm_gramaj_gr
fallback_latest_370_rows_largest_sheet,ESKİ,1238,176,1000 CC D107 52 OPAK BEYAZ PALET STANDART,,,176,1000 CC D107 52 OPAK BEYAZ PALET STANDART,5,5,17.28,5,5,17.28,missing_agiz_mm_gramaj_gr
fallback_latest_370_rows_largest_sheet,ESKİ,1239,131,250 CC Y115 25 ŞEFFAF MOR PALET STANDART,,,131,250 CC Y115 25 ŞEFFAF MOR PALET STANDART,3,3,18.67,3,3,18.67,missing_agiz_mm_gramaj_gr
fallback_latest_370_rows_largest_sheet,ESKİ,1240,132,200 CC Y321 25 ŞEFFAF ŞEFFAF PALET STANDART,,,132,200 CC Y321 25 ŞEFFAF ŞEFFAF PALET STANDART,3,3,17.18,3,3,17.18,missing_agiz_mm_gramaj_gr
fallback_latest_370_rows_largest_sheet,ESKİ,1241,133,80 cc alpha Y215 16 GR 24 AĞIZ KISA ÇENE OPAK BEYAZ  100 ADET,,16,133,80 cc alpha Y215 16 GR 24 AĞIZ KISA ÇENE OPAK BEYAZ  100 ADET,4,4,17.57,4,4,17.57,missing_agiz_mm
fallback_latest_370_rows_largest_sheet,ESKİ,1242,134,200 CC Y078 25 OPAK BEYAZ PALET KISA,,,134,200 CC Y078 25 OPAK BEYAZ PALET KISA,3,3,17.06,3,3,17.06,missing_agiz_mm_gramaj_gr
fallback_latest_370_rows_largest_sheet,ESKİ,1243,135,110 CC Y343 25 OPAK SARI PLT.IC.KOLI STANDART,,,135,110 CC Y343 25 OPAK SARI PLT.IC.KOLI STANDART,2,2,19.89,2,2,19.89,missing_agiz_mm_gramaj_gr
fallback_latest_370_rows_largest_sheet,ESKİ,1244,138,300 CC Y347 26 ŞEFFAF ŞEFFAF PLS. PLT STANDART,,,138,300 CC Y347 26 ŞEFFAF ŞEFFAF PLS. PLT STANDART,3,3,13.56,3,3,13.56,missing_agiz_mm_gramaj_gr
fallback_latest_370_rows_largest_sheet,ESKİ,1245,203,E129 6 ŞEFFAF SARI PLT.IC.KOLI STANDART,,,203,E129 6 ŞEFFAF SARI PLT.IC.KOLI STANDART,8,8,18.2,8,8,18.2,missing_agiz_mm_gramaj_gr
fallback_latest_370_rows_largest_sheet,ESKİ,1246,205,E049 24 MM KAPAK 3 OPAK YEŞİL PLT.IC.KOLI STANDART,24,,205,E049 24 MM KAPAK 3 OPAK YEŞİL PLT.IC.KOLI STANDART,12,10,23,12,10,23,missing_gramaj_gr
fallback_latest_370_rows_largest_sheet,ESKİ,1247,212,E123 28 MM FLİPTOP 13 ŞEFFAF LİLA PLT.IC.KOLI STANDART,28,,212,E123 28 MM FLİPTOP 13 ŞEFFAF LİLA PLT.IC.KOLI STANDART,12,12,35.45,12,12,35.45,missing_gramaj_gr
fallback_latest_370_rows_largest_sheet,ESKİ,1248,207,E121A 28MM TRIMSIZ KAPAK 10 OPAK KIRMIZI KOLI STANDART,28,,207,E121A 28MM TRIMSIZ KAPAK 10 OPAK KIRMIZI KOLI STANDART,12,9,32.87,12,9,32.87,missing_gramaj_gr
fallback_latest_370_rows_largest_sheet,ESKİ,1249,209,E125 62 MM BAHARAT FLİPTOP 12 OPAK YEŞİL PLT.IC.KOLI STANDART,62,,209,E125 62 MM BAHARAT FLİPTOP 12 OPAK YEŞİL PLT.IC.KOLI STANDART,4,3,28.4,4,3,28.4,missing_gramaj_gr
fallback_latest_370_rows_largest_sheet,ESKİ,1250,210,E031B 110 MM FOLYOLU 17 OPAK GOLD PLT.IC.KOLI STANDART,110,,210,E031B 110 MM FOLYOLU 17 OPAK GOLD PLT.IC.KOLI STANDART,4,3,20.8,4,3,20.8,missing_gramaj_gr
fallback_latest_370_rows_largest_sheet,ESKİ,1251,211,E039 24 MM PİM 1 ŞEFFAF ŞEFFAF PLT.IC.KOLI STANDART,24,,211,E039 24 MM PİM 1 ŞEFFAF ŞEFFAF PLT.IC.KOLI STANDART,24,20,19.3,24,20,19.3,missing_gramaj_gr
fallback_latest_370_rows_largest_sheet,ESKİ,1252,302,PR017 38 MM 12 GÖZ YİVLİ PREFORM  73 OPAK BEYAZ KOLI STANDART,38,,302,PR017 38 MM 12 GÖZ YİVLİ PREFORM  73 OPAK BEYAZ KOLI STANDART,12,10,65.02,12,10,65.02,missing_gramaj_gr
fallback_latest_370_rows_largest_sheet,ESKİ,1253,501,350 CC P119 28 OPAK SEDEFLİ BRONZ PALET STANDART,,,501,350 CC P119 28 OPAK SEDEFLİ BRONZ PALET STANDART,6,6,15.62,6,6,15.62,missing_agiz_mm_gramaj_gr
fallback_latest_370_rows_largest_sheet,ESKİ,1254,503,5000 CC P135 170 ŞEFFAF ŞEFFAF POSET STANDART,,,503,5000 CC P135 170 ŞEFFAF ŞEFFAF POSET STANDART,2,1,15,2,1,15,missing_agiz_mm_gramaj_gr
fallback_latest_370_rows_largest_sheet,ESKİ,1255,102,1500 CC SP026 52 ŞEFFAF ŞEFFAF PALET STANDART,,,102,1500 CC SP026 52 ŞEFFAF ŞEFFAF PALET STANDART,5,5,18.92,5,5,18.92,missing_agiz_mm_gramaj_gr
fallback_latest_370_rows_largest_sheet,ESKİ,1256,103,700 CC SP009 40 ŞEFFAF SARI PLS. PLT STANDART,,,103,700 CC SP009 40 ŞEFFAF SARI PLS. PLT STANDART,5,5,15.19,5,5,15.19,missing_agiz_mm_gramaj_gr
fallback_latest_370_rows_largest_sheet,ESKİ,1257,162,1000 CC X233 52 ŞEFFAF ŞEFFAF PALET STANDART,,,162,1000 CC X233 52 ŞEFFAF ŞEFFAF PALET STANDART,2,2,24,2,2,24,missing_agiz_mm_gramaj_gr
fallback_latest_370_rows_largest_sheet,ESKİ,1258,164,1000 CC X404 52 ŞEFFAF ŞEFFAF PALET STANDART,,,164,1000 CC X404 52 ŞEFFAF ŞEFFAF PALET STANDART,2,2,22.8,2,2,22.8,missing_agiz_mm_gramaj_gr
fallback_latest_370_rows_largest_sheet,ESKİ,1259,181,750 CC Z105 28 OPAK MAVİ PLS. PLT STANDART,,,181,750 CC Z105 28 OPAK MAVİ PLS. PLT STANDART,4,4,14.35,4,4,14.35,missing_agiz_mm_gramaj_gr
fallback_latest_370_rows_largest_sheet,ESKİ,1260,401,1500 CC S011 125 ŞEFFAF ŞEFFAF PLS. PLT STANDART,,,401,1500 CC S011 125 ŞEFFAF ŞEFFAF PLS. PLT STANDART,1,1,10.38,1,1,10.38,missing_agiz_mm_gramaj_gr
fallback_latest_370_rows_largest_sheet,ESKİ,1261,402,1500 CC S043 74 OPAK BEYAZ PALET STANDART,,,402,1500 CC S043 74 OPAK BEYAZ PALET STANDART,2,2,9,2,2,9,missing_agiz_mm_gramaj_gr
fallback_latest_370_rows_largest_sheet,ESKİ,1262,172,1000 CC D057 52 OPAK MAVİ PALET STANDART,,,172,1000 CC D057 52 OPAK MAVİ PALET STANDART,4,4,20.34,4,4,20.34,missing_agiz_mm_gramaj_gr
fallback_latest_370_rows_largest_sheet,ESKİ,1263,173,950 CC D059 40 OPAK BEYAZ PALET STANDART,,,173,950 CC D059 40 OPAK BEYAZ PALET STANDART,5,5,16.3,5,5,16.3,missing_agiz_mm_gramaj_gr
fallback_latest_370_rows_largest_sheet,ESKİ,1264,174,500 CC D088 45 ŞEFFAF ŞEFFAF PLS. PLT STANDART,,,174,500 CC D088 45 ŞEFFAF ŞEFFAF PLS. PLT STANDART,3,3,14.36,3,3,14.36,missing_agiz_mm_gramaj_gr
fallback_latest_370_rows_largest_sheet,ESKİ,1265,176,1000 CC D107 52 OPAK BEYAZ PALET STANDART,,,176,1000 CC D107 52 OPAK BEYAZ PALET STANDART,5,5,17.38,5,5,17.38,missing_agiz_mm_gramaj_gr
fallback_latest_370_rows_largest_sheet,ESKİ,1266,177,1000 CC D075 45 ŞEFFAF ŞEFFAF PALET STANDART,,,177,1000 CC D075 45 ŞEFFAF ŞEFFAF PALET STANDART,4,4,14,4,4,14,missing_agiz_mm_gramaj_gr
fallback_latest_370_rows_largest_sheet,ESKİ,1267,131,250 CC Y115 25 ŞEFFAF MOR PALET STANDART,,,131,250 CC Y115 25 ŞEFFAF MOR PALET STANDART,3,3,18.46,3,3,18.46,missing_agiz_mm_gramaj_gr
fallback_latest_370_rows_largest_sheet,ESKİ,1268,132,200 CC Y321 25 ŞEFFAF ŞEFFAF PALET STANDART,,,132,200 CC Y321 25 ŞEFFAF ŞEFFAF PALET STANDART,3,3,18.17,3,3,18.17,missing_agiz_mm_gramaj_gr
fallback_latest_370_rows_largest_sheet,ESKİ,1269,134,200 CC Y078 25 OPAK BEYAZ PALET KISA,,,134,200 CC Y078 25 OPAK BEYAZ PALET KISA,3,3,17.12,3,3,17.12,missing_agiz_mm_gramaj_gr
fallback_latest_370_rows_largest_sheet,ESKİ,1270,135,110 CC Y343 25 OPAK SARI PLT.IC.KOLI STANDART,,,135,110 CC Y343 25 OPAK SARI PLT.IC.KOLI STANDART,2,2,19.87,2,2,19.87,missing_agiz_mm_gramaj_gr
fallback_latest_370_rows_largest_sheet,ESKİ,1271,138,300 CC Y347 26 ŞEFFAF ŞEFFAF PLS. PLT STANDART,,,138,300 CC Y347 26 ŞEFFAF ŞEFFAF PLS. PLT STANDART,3,3,13.76,3,3,13.76,missing_agiz_mm_gramaj_gr
fallback_latest_370_rows_largest_sheet,ESKİ,1272,202,E008 24 MM 9 OPAK SİYAH KOLI STANDART,24,,202,E008 24 MM 9 OPAK SİYAH KOLI STANDART,8,7,35.9,8,7,35.9,missing_gramaj_gr
fallback_latest_370_rows_largest_sheet,ESKİ,1273,203,E129 6 ŞEFFAF SARI PLT.IC.KOLI STANDART,,,203,E129 6 ŞEFFAF SARI PLT.IC.KOLI STANDART,8,7,18.2,8,7,18.2,missing_agiz_mm_gramaj_gr
fallback_latest_370_rows_largest_sheet,ESKİ,1274,212,E123 28 MM FLİPTOP 13 ŞEFFAF LİLA PLT.IC.KOLI STANDART,28,,212,E123 28 MM FLİPTOP 13 ŞEFFAF LİLA PLT.IC.KOLI STANDART,12,10,30.46,12,10,30.46,missing_gramaj_gr
fallback_latest_370_rows_largest_sheet,ESKİ,1275,205,E049 24 MM KAPAK 3 OPAK YEŞİL PLT.IC.KOLI STANDART,24,,205,E049 24 MM KAPAK 3 OPAK YEŞİL PLT.IC.KOLI STANDART,12,10,23.1,12,10,23.1,missing_gramaj_gr
fallback_latest_370_rows_largest_sheet,ESKİ,1276,207,E121A 28MM TRIMSIZ KAPAK 10 OPAK KIRMIZI KOLI STANDART,28,,207,E121A 28MM TRIMSIZ KAPAK 10 OPAK KIRMIZI KOLI STANDART,12,9,31,12,9,31,missing_gramaj_gr
fallback_latest_370_rows_largest_sheet,ESKİ,1277,209,E125 62 MM BAHARAT FLİPTOP 12 OPAK YEŞİL PLT.IC.KOLI STANDART,62,,209,E125 62 MM BAHARAT FLİPTOP 12 OPAK YEŞİL PLT.IC.KOLI STANDART,4,3,25.6,4,3,25.6,missing_gramaj_gr
fallback_latest_370_rows_largest_sheet,ESKİ,1278,302,PR017 38 MM 12 GÖZ YİVLİ PREFORM  73 OPAK BEYAZ KOLI STANDART,38,,302,PR017 38 MM 12 GÖZ YİVLİ PREFORM  73 OPAK BEYAZ KOLI STANDART,12,10,52.03,12,10,52.03,missing_gramaj_gr
fallback_latest_370_rows_largest_sheet,ESKİ,1279,303,PR011 110 MM 8 GÖZ YİVLİ PREFORM 125 ŞEFFAF ŞEFFAF KOLI STANDART,110,,303,PR011 110 MM 8 GÖZ YİVLİ PREFORM 125 ŞEFFAF ŞEFFAF KOLI STANDART,8,7,57.9,8,7,57.9,missing_gramaj_gr
fallback_latest_370_rows_largest_sheet,ESKİ,1280,503,5000 CC P135 170 ŞEFFAF ŞEFFAF POSET STANDART,,,503,5000 CC P135 170 ŞEFFAF ŞEFFAF POSET STANDART,2,1,15,2,1,15,missing_agiz_mm_gramaj_gr
fallback_latest_370_rows_largest_sheet,ESKİ,1281,102,1500 CC SP026 52 ŞEFFAF ŞEFFAF PALET STANDART,,,102,1500 CC SP026 52 ŞEFFAF ŞEFFAF PALET STANDART,5,5,18.86,5,5,18.86,missing_agiz_mm_gramaj_gr
fallback_latest_370_rows_largest_sheet,ESKİ,1282,103,700 CC SP009 40 ŞEFFAF SARI PLS. PLT STANDART,,,103,700 CC SP009 40 ŞEFFAF SARI PLS. PLT STANDART,5,5,15.09,5,5,15.09,missing_agiz_mm_gramaj_gr
fallback_latest_370_rows_largest_sheet,ESKİ,1283,104,150 CC SP020 20 ŞEFFAF ŞEFFAF PLS. PLT K.TAVA STANDART,,,104,150 CC SP020 20 ŞEFFAF ŞEFFAF PLS. PLT K.TAVA STANDART,9,9,13.08,9,9,13.08,missing_agiz_mm_gramaj_gr
fallback_latest_370_rows_largest_sheet,ESKİ,1284,162,1000 CC X233 52 ŞEFFAF ŞEFFAF PALET STANDART,,,162,1000 CC X233 52 ŞEFFAF ŞEFFAF PALET STANDART,2,2,24,2,2,24,missing_agiz_mm_gramaj_gr
fallback_latest_370_rows_largest_sheet,ESKİ,1285,164,1000 CC X404 52 ŞEFFAF ŞEFFAF PALET STANDART,,,164,1000 CC X404 52 ŞEFFAF ŞEFFAF PALET STANDART,2,2,22.8,2,2,22.8,missing_agiz_mm_gramaj_gr
fallback_latest_370_rows_largest_sheet,ESKİ,1286,182,450 CC Z103 26 ŞEFFAF MAVİ PALET STANDART,,,182,450 CC Z103 26 ŞEFFAF MAVİ PALET STANDART,4,4,14.42,4,4,14.42,missing_agiz_mm_gramaj_gr
fallback_latest_370_rows_largest_sheet,ESKİ,1287,401,1500 CC S011 125 ŞEFFAF ŞEFFAF PLS. PLT STANDART,,,401,1500 CC S011 125 ŞEFFAF ŞEFFAF PLS. PLT STANDART,1,1,10.41,1,1,10.41,missing_agiz_mm_gramaj_gr
fallback_latest_370_rows_largest_sheet,ESKİ,1288,402,1500 CC S043 74 OPAK BEYAZ PALET STANDART,,,402,1500 CC S043 74 OPAK BEYAZ PALET STANDART,2,2,9,2,2,9,missing_agiz_mm_gramaj_gr
fallback_latest_370_rows_largest_sheet,ESKİ,1289,171,160 CC D093 29 ŞEFFAF SARI PALET STANDART,,,171,160 CC D093 29 ŞEFFAF SARI PALET STANDART,7,7,20.1,7,7,20.1,missing_agiz_mm_gramaj_gr
fallback_latest_370_rows_largest_sheet,ESKİ,1290,172,1000 CC D057 52 OPAK MAVİ PALET STANDART,,,172,1000 CC D057 52 OPAK MAVİ PALET STANDART,4,4,18.59,4,4,18.59,missing_agiz_mm_gramaj_gr
fallback_latest_370_rows_largest_sheet,ESKİ,1291,173,950 CC D059 40 OPAK BEYAZ PALET STANDART,,,173,950 CC D059 40 OPAK BEYAZ PALET STANDART,5,5,16.29,5,5,16.29,missing_agiz_mm_gramaj_gr
fallback_latest_370_rows_largest_sheet,ESKİ,1292,174,500 CC D088 45 ŞEFFAF ŞEFFAF PLS. PLT STANDART,,,174,500 CC D088 45 ŞEFFAF ŞEFFAF PLS. PLT STANDART,3,3,14.86,3,3,14.86,missing_agiz_mm_gramaj_gr
fallback_latest_370_rows_largest_sheet,ESKİ,1293,175,450 CC D120 35 ŞEFFAF UV PLS. PLT K.TAVA CAKMA,,,175,450 CC D120 35 ŞEFFAF UV PLS. PLT K.TAVA CAKMA,5,5,16,5,5,16,missing_agiz_mm_gramaj_gr
fallback_latest_370_rows_largest_sheet,ESKİ,1294,176,1000 CC D107 52 OPAK BEYAZ PALET STANDART,,,176,1000 CC D107 52 OPAK BEYAZ PALET STANDART,5,5,17.3,5,5,17.3,missing_agiz_mm_gramaj_gr
fallback_latest_370_rows_largest_sheet,ESKİ,1295,177,1000 CC D075 45 ŞEFFAF ŞEFFAF PALET STANDART,,,177,1000 CC D075 45 ŞEFFAF ŞEFFAF PALET STANDART,4,4,13.69,4,4,13.69,missing_agiz_mm_gramaj_gr
fallback_latest_370_rows_largest_sheet,ESKİ,1296,131,200 CC Y323 25 OPAK SİYAH PALET STANDART,,,131,200 CC Y323 25 OPAK SİYAH PALET STANDART,3,3,18.87,3,3,18.87,missing_agiz_mm_gramaj_gr
fallback_latest_370_rows_largest_sheet,ESKİ,1297,132,200 CC Y321 25 ŞEFFAF ŞEFFAF PALET STANDART,,,132,200 CC Y321 25 ŞEFFAF ŞEFFAF PALET STANDART,3,3,18.18,3,3,18.18,missing_agiz_mm_gramaj_gr
fallback_latest_370_rows_largest_sheet,ESKİ,1298,134,200 CC Y078 25 OPAK BEYAZ PALET KISA,,,134,200 CC Y078 25 OPAK BEYAZ PALET KISA,3,3,16.96,3,3,16.96,missing_agiz_mm_gramaj_gr
fallback_latest_370_rows_largest_sheet,ESKİ,1299,135,150 CC Y341 25 ŞEFFAF KAHVE KOLI STANDART,,,135,150 CC Y341 25 ŞEFFAF KAHVE KOLI STANDART,2,2,20.58,2,2,20.58,missing_agiz_mm_gramaj_gr
fallback_latest_370_rows_largest_sheet,ESKİ,1300,138,300 CC Y347 26 ŞEFFAF ŞEFFAF PLS. PLT STANDART,,,138,300 CC Y347 26 ŞEFFAF ŞEFFAF PLS. PLT STANDART,3,3,13.79,3,3,13.79,missing_agiz_mm_gramaj_gr
fallback_latest_370_rows_largest_sheet,ESKİ,1301,202,E008 24 MM 9 OPAK SİYAH KOLI STANDART,24,,202,E008 24 MM 9 OPAK SİYAH KOLI STANDART,8,6,33.6,8,6,33.6,missing_gramaj_gr
fallback_latest_370_rows_largest_sheet,ESKİ,1302,203,E129 6 ŞEFFAF SARI PLT.IC.KOLI STANDART,,,203,E129 6 ŞEFFAF SARI PLT.IC.KOLI STANDART,8,7,18.2,8,7,18.2,missing_agiz_mm_gramaj_gr
fallback_latest_370_rows_largest_sheet,ESKİ,1303,212,E123 28 MM FLİPTOP 13 ŞEFFAF LİLA PLT.IC.KOLI STANDART,28,,212,E123 28 MM FLİPTOP 13 ŞEFFAF LİLA PLT.IC.KOLI STANDART,12,10,32.51,12,10,32.51,missing_gramaj_gr
fallback_latest_370_rows_largest_sheet,ESKİ,1304,205,E049 24 MM KAPAK 3 OPAK YEŞİL PLT.IC.KOLI STANDART,24,,205,E049 24 MM KAPAK 3 OPAK YEŞİL PLT.IC.KOLI STANDART,12,10,22.3,12,10,22.3,missing_gramaj_gr
fallback_latest_370_rows_largest_sheet,ESKİ,1305,207,E121A 28MM TRIMSIZ KAPAK 10 OPAK KIRMIZI KOLI STANDART,28,,207,E121A 28MM TRIMSIZ KAPAK 10 OPAK KIRMIZI KOLI STANDART,12,9,30.96,12,9,30.96,missing_gramaj_gr
fallback_latest_370_rows_largest_sheet,ESKİ,1306,209,E125 62 MM BAHARAT FLİPTOP 12 OPAK YEŞİL PLT.IC.KOLI STANDART,62,,209,E125 62 MM BAHARAT FLİPTOP 12 OPAK YEŞİL PLT.IC.KOLI STANDART,4,3,26.3,4,3,26.3,missing_gramaj_gr
fallback_latest_370_rows_largest_sheet,ESKİ,1307,302,PR017 38 MM 12 GÖZ YİVLİ PREFORM  73 OPAK BEYAZ KOLI STANDART,38,,302,PR017 38 MM 12 GÖZ YİVLİ PREFORM  73 OPAK BEYAZ KOLI STANDART,12,10,52.06,12,10,52.06,missing_gramaj_gr
fallback_latest_370_rows_largest_sheet,ESKİ,1308,303,PR011 110 MM 8 GÖZ YİVLİ PREFORM 125 ŞEFFAF ŞEFFAF KOLI STANDART,110,,303,PR011 110 MM 8 GÖZ YİVLİ PREFORM 125 ŞEFFAF ŞEFFAF KOLI STANDART,8,7,60.5,8,7,60.5,missing_gramaj_gr
fallback_latest_370_rows_largest_sheet,ESKİ,1309,501,350 CC P119 28 OPAK SEDEFLİ MOR PALET STANDART,,,501,350 CC P119 28 OPAK SEDEFLİ MOR PALET STANDART,6,6,16.02,6,6,16.02,missing_agiz_mm_gramaj_gr
fallback_latest_370_rows_largest_sheet,ESKİ,1311,401,1500 CC S011 125 ŞEFFAF ŞEFFAF PLS. PLT STANDART,,,401,1500 CC S011 125 ŞEFFAF ŞEFFAF PLS. PLT STANDART,1,1,10.09,1,1,10.09,missing_agiz_mm_gramaj_gr
fallback_latest_370_rows_largest_sheet,ESKİ,1312,405,350 CC S012 46 OPAK SİYAH PALET STANDART,,,405,350 CC S012 46 OPAK SİYAH PALET STANDART,2,2,8.6,2,2,8.6,missing_agiz_mm_gramaj_gr
fallback_latest_370_rows_largest_sheet,ESKİ,1313,203,E129 6 ŞEFFAF SARI PLT.IC.KOLI STANDART,,,203,E129 6 ŞEFFAF SARI PLT.IC.KOLI STANDART,8,7,18.2,8,7,18.2,missing_agiz_mm_gramaj_gr
fallback_latest_370_rows_largest_sheet,ESKİ,1314,205,E049 24 MM KAPAK 3 OPAK YEŞİL PLT.IC.KOLI STANDART,24,,205,E049 24 MM KAPAK 3 OPAK YEŞİL PLT.IC.KOLI STANDART,12,9,24.6,12,9,24.6,missing_gramaj_gr
fallback_latest_370_rows_largest_sheet,ESKİ,1315,207,E121A 28MM TRIMSIZ KAPAK 10 OPAK KIRMIZI KOLI STANDART,28,,207,E121A 28MM TRIMSIZ KAPAK 10 OPAK KIRMIZI KOLI STANDART,12,9,30.62,12,9,30.62,missing_gramaj_gr
fallback_latest_370_rows_largest_sheet,ESKİ,1316,210,E031A 110 MM ETİKETLİ FOLYOLU 17 OPAK MAVİ PLT.IC.KOLI STANDART,110,,210,E031A 110 MM ETİKETLİ FOLYOLU 17 OPAK MAVİ PLT.IC.KOLI STANDART,4,4,21.2,4,4,21.2,missing_gramaj_gr
fallback_latest_370_rows_largest_sheet,ESKİ,1317,303,PR014 110 MM 12 GÖZ TWIST OFF PREFORM 91 OPAK SİYAH KOLI STANDART,110,,303,PR014 110 MM 12 GÖZ TWIST OFF PREFORM 91 OPAK SİYAH KOLI STANDART,12,7,43.4,12,7,43.4,missing_gramaj_gr
fallback_latest_370_rows_largest_sheet,ESKİ,1318,503,5000 CC P061 170 ŞEFFAF ŞEFFAF POSET STANDART,,,503,5000 CC P061 170 ŞEFFAF ŞEFFAF POSET STANDART,1,1,15,1,1,15,missing_agiz_mm_gramaj_gr
fallback_latest_370_rows_largest_sheet,ESKİ,1319,405,1200 CC S023 91 OPAK SİYAH PALET STANDART,,,405,1200 CC S023 91 OPAK SİYAH PALET STANDART,2,2,8.5,2,2,8.5,missing_agiz_mm_gramaj_gr
fallback_latest_370_rows_largest_sheet,ESKİ,1320,203,E129 6 ŞEFFAF SARI PLT.IC.KOLI STANDART,,,203,E129 6 ŞEFFAF SARI PLT.IC.KOLI STANDART,8,7,18.5,8,7,18.5,missing_agiz_mm_gramaj_gr
fallback_latest_370_rows_largest_sheet,ESKİ,1321,204,E128 28 MM 8 OPAK YEŞİL KOLI CAKMA,28,,204,E128 28 MM 8 OPAK YEŞİL KOLI CAKMA,4,3,21.4,4,3,21.4,missing_gramaj_gr
fallback_latest_370_rows_largest_sheet,ESKİ,1322,205,E049 24 MM KAPAK 3 OPAK YEŞİL PLT.IC.KOLI STANDART,24,,205,E049 24 MM KAPAK 3 OPAK YEŞİL PLT.IC.KOLI STANDART,12,9,22.5,12,9,22.5,missing_gramaj_gr
fallback_latest_370_rows_largest_sheet,ESKİ,1323,210,E031A 110 MM ETİKETLİ FOLYOLU 17 OPAK MAVİ PLT.IC.KOLI STANDART,110,,210,E031A 110 MM ETİKETLİ FOLYOLU 17 OPAK MAVİ PLT.IC.KOLI STANDART,4,4,20.9,4,4,20.9,missing_gramaj_gr
fallback_latest_370_rows_largest_sheet,ESKİ,1324,303,PR014 110 MM 12 GÖZ TWIST OFF PREFORM 91 OPAK SİYAH KOLI STANDART,110,,303,PR014 110 MM 12 GÖZ TWIST OFF PREFORM 91 OPAK SİYAH KOLI STANDART,8,7,43.5,8,7,43.5,missing_gramaj_gr
fallback_latest_370_rows_largest_sheet,ESKİ,1325,501,200 CC P118 17 OPAK SEDEFLİ MOR PALET STANDART,,,501,200 CC P118 17 OPAK SEDEFLİ MOR PALET STANDART,6,6,16.02,6,6,16.02,missing_agiz_mm_gramaj_gr
fallback_latest_370_rows_largest_sheet,ESKİ,1326,405,1200 CC S023 91 OPAK SİYAH PALET STANDART,,,405,1200 CC S023 91 OPAK SİYAH PALET STANDART,2,2,8,2,2,8,missing_agiz_mm_gramaj_gr
fallback_latest_370_rows_largest_sheet,ESKİ,1327,203,E129 6 ŞEFFAF SARI PLT.IC.KOLI STANDART,,,203,E129 6 ŞEFFAF SARI PLT.IC.KOLI STANDART,8,7,17,8,7,17,missing_agiz_mm_gramaj_gr
fallback_latest_370_rows_largest_sheet,ESKİ,1328,204,E128 28 MM 8 OPAK YEŞİL KOLI CAKMA,28,,204,E128 28 MM 8 OPAK YEŞİL KOLI CAKMA,4,4,23.5,4,4,23.5,missing_gramaj_gr
fallback_latest_370_rows_largest_sheet,ESKİ,1329,205,E049 24 MM KAPAK 3 OPAK YEŞİL PLT.IC.KOLI STANDART,24,,205,E049 24 MM KAPAK 3 OPAK YEŞİL PLT.IC.KOLI STANDART,12,9,22.9,12,9,22.9,missing_gramaj_gr
fallback_latest_370_rows_largest_sheet,ESKİ,1330,208,E064 90 MM KULPLU 17 OPAK SARI KOLI STANDART,90,,208,E064 90 MM KULPLU 17 OPAK SARI KOLI STANDART,4,4,23.47,4,4,23.47,missing_gramaj_gr
fallback_latest_370_rows_largest_sheet,ESKİ,1331,209,E125 62 MM BAHARAT FLİPTOP 12 OPAK YEŞİL PLT.IC.KOLI STANDART,62,,209,E125 62 MM BAHARAT FLİPTOP 12 OPAK YEŞİL PLT.IC.KOLI STANDART,4,3,28.4,4,3,28.4,missing_gramaj_gr
fallback_latest_370_rows_largest_sheet,ESKİ,1332,210,E031A 110 MM ETİKETLİ FOLYOLU 17 OPAK MAVİ PLT.IC.KOLI STANDART,110,,210,E031A 110 MM ETİKETLİ FOLYOLU 17 OPAK MAVİ PLT.IC.KOLI STANDART,4,4,21.1,4,4,21.1,missing_gramaj_gr
fallback_latest_370_rows_largest_sheet,ESKİ,1333,303,PR014 110 MM 12 GÖZ TWIST OFF PREFORM 91 OPAK SİYAH KOLI STANDART,110,,303,PR014 110 MM 12 GÖZ TWIST OFF PREFORM 91 OPAK SİYAH KOLI STANDART,12,7,45,12,7,45,missing_gramaj_gr
fallback_latest_370_rows_largest_sheet,ESKİ,1334,501,100 CC I005 15 ŞEFFAF ŞEFFAF PALET STANDART,,,501,100 CC I005 15 ŞEFFAF ŞEFFAF PALET STANDART,6,6,16.12,6,6,16.12,missing_agiz_mm_gramaj_gr
fallback_latest_370_rows_largest_sheet,ESKİ,1335,203,E129 6 ŞEFFAF SARI PLT.IC.KOLI STANDART,,,203,E129 6 ŞEFFAF SARI PLT.IC.KOLI STANDART,8,7,17,8,7,17,missing_agiz_mm_gramaj_gr
fallback_latest_370_rows_largest_sheet,ESKİ,1336,204,E128 28 MM 8 OPAK YEŞİL KOLI CAKMA,28,,204,E128 28 MM 8 OPAK YEŞİL KOLI CAKMA,4,3,18,4,3,18,missing_gramaj_gr
fallback_latest_370_rows_largest_sheet,ESKİ,1337,205,E049 24 MM KAPAK 3 OPAK YEŞİL PLT.IC.KOLI STANDART,24,,205,E049 24 MM KAPAK 3 OPAK YEŞİL PLT.IC.KOLI STANDART,12,9,22.4,12,9,22.4,missing_gramaj_gr
fallback_latest_370_rows_largest_sheet,ESKİ,1338,210,E031B 110 MM FOLYOLU 17 OPAK MAVİ PLT.IC.KOLI STANDART,110,,210,E031B 110 MM FOLYOLU 17 OPAK MAVİ PLT.IC.KOLI STANDART,4,4,21,4,4,21,missing_gramaj_gr
fallback_latest_370_rows_largest_sheet,ESKİ,1339,303,PR014 110 MM 12 GÖZ TWIST OFF PREFORM 91 OPAK SİYAH KOLI STANDART,110,,303,PR014 110 MM 12 GÖZ TWIST OFF PREFORM 91 OPAK SİYAH KOLI STANDART,12,7,43.5,12,7,43.5,missing_gramaj_gr
fallback_latest_370_rows_largest_sheet,ESKİ,1340,501,200 CC P118 17 OPAK SEDEFLİ MOR PALET STANDART,,,501,200 CC P118 17 OPAK SEDEFLİ MOR PALET STANDART,6,6,16.02,6,6,16.02,missing_agiz_mm_gramaj_gr
fallback_latest_370_rows_largest_sheet,ESKİ,1341,404,1000 CC S054 43 ŞEFFAF ŞEFFAF PLS. PLT STANDART,,,404,1000 CC S054 43 ŞEFFAF ŞEFFAF PLS. PLT STANDART,2,2,7,2,2,7,missing_agiz_mm_gramaj_gr
fallback_latest_370_rows_largest_sheet,ESKİ,1342,405,1200 CC S023 91 OPAK SİYAH PALET STANDART,,,405,1200 CC S023 91 OPAK SİYAH PALET STANDART,2,2,8.6,2,2,8.6,missing_agiz_mm_gramaj_gr
fallback_latest_370_rows_largest_sheet,ESKİ,1343,401,2000 CC S003 61 ŞEFFAF ŞEFFAF POSET STANDART,,,401,2000 CC S003 61 ŞEFFAF ŞEFFAF POSET STANDART,1,1,8.3,1,1,8.3,missing_agiz_mm_gramaj_gr
fallback_latest_370_rows_largest_sheet,ESKİ,1344,405,1200 CC S023 91 OPAK SİYAH PALET STANDART,,,405,1200 CC S023 91 OPAK SİYAH PALET STANDART,2,2,9.6,2,2,9.6,missing_agiz_mm_gramaj_gr
fallback_latest_370_rows_largest_sheet,ESKİ,1345,203,E129 6 ŞEFFAF SARI PLT.IC.KOLI STANDART,,,203,E129 6 ŞEFFAF SARI PLT.IC.KOLI STANDART,8,7,16.9,8,7,16.9,missing_agiz_mm_gramaj_gr
fallback_latest_370_rows_largest_sheet,ESKİ,1346,204,E128 28 MM 8 OPAK YEŞİL KOLI CAKMA,28,,204,E128 28 MM 8 OPAK YEŞİL KOLI CAKMA,4,3,18,4,3,18,missing_gramaj_gr
fallback_latest_370_rows_largest_sheet,ESKİ,1347,205,E049 24 MM KAPAK 3 OPAK YEŞİL PLT.IC.KOLI STANDART,24,,205,E049 24 MM KAPAK 3 OPAK YEŞİL PLT.IC.KOLI STANDART,12,9,22.9,12,9,22.9,missing_gramaj_gr
fallback_latest_370_rows_largest_sheet,ESKİ,1348,206,E064 90 MM KULPLU 17 OPAK SARI KOLI STANDART,90,,206,E064 90 MM KULPLU 17 OPAK SARI KOLI STANDART,4,3,19.9,4,3,19.9,missing_gramaj_gr
fallback_latest_370_rows_largest_sheet,ESKİ,1349,207,E121A 28MM TRIMSIZ KAPAK 10 OPAK KIRMIZI KOLI STANDART,28,,207,E121A 28MM TRIMSIZ KAPAK 10 OPAK KIRMIZI KOLI STANDART,12,9,27,12,9,27,missing_gramaj_gr
fallback_latest_370_rows_largest_sheet,ESKİ,1350,209,E125 62 MM BAHARAT FLİPTOP 12 OPAK YEŞİL PLT.IC.KOLI STANDART,62,,209,E125 62 MM BAHARAT FLİPTOP 12 OPAK YEŞİL PLT.IC.KOLI STANDART,4,3,28.3,4,3,28.3,missing_gramaj_gr
fallback_latest_370_rows_largest_sheet,ESKİ,1351,210,E031B 110 MM FOLYOLU 17 OPAK MAVİ PLT.IC.KOLI STANDART,110,,210,E031B 110 MM FOLYOLU 17 OPAK MAVİ PLT.IC.KOLI STANDART,4,3,22.2,4,3,22.2,missing_gramaj_gr
fallback_latest_370_rows_largest_sheet,ESKİ,1352,303,PR014 110 MM 12 GÖZ TWIST OFF PREFORM 91 OPAK SİYAH KOLI STANDART,110,,303,PR014 110 MM 12 GÖZ TWIST OFF PREFORM 91 OPAK SİYAH KOLI STANDART,12,7,43.6,12,7,43.6,missing_gramaj_gr
fallback_latest_370_rows_largest_sheet,ESKİ,1353,401,1500 CC S011 125 ŞEFFAF ŞEFFAF PLS. PLT STANDART,,,401,1500 CC S011 125 ŞEFFAF ŞEFFAF PLS. PLT STANDART,1,1,9.99,1,1,9.99,missing_agiz_mm_gramaj_gr
fallback_latest_370_rows_largest_sheet,ESKİ,1354,203,E129 6 ŞEFFAF SARI PLT.IC.KOLI STANDART,,,203,E129 6 ŞEFFAF SARI PLT.IC.KOLI STANDART,8,7,16.9,8,7,16.9,missing_agiz_mm_gramaj_gr
fallback_latest_370_rows_largest_sheet,ESKİ,1355,204,E128 28 MM 8 OPAK YEŞİL KOLI CAKMA,28,,204,E128 28 MM 8 OPAK YEŞİL KOLI CAKMA,4,2,16.9,4,2,16.9,missing_gramaj_gr
fallback_latest_370_rows_largest_sheet,ESKİ,1356,205,E049 24 MM KAPAK 3 OPAK YEŞİL PLT.IC.KOLI STANDART,24,,205,E049 24 MM KAPAK 3 OPAK YEŞİL PLT.IC.KOLI STANDART,12,9,23.6,12,9,23.6,missing_gramaj_gr
fallback_latest_370_rows_largest_sheet,ESKİ,1357,206,E064 90 MM KULPLU 17 OPAK SARI KOLI STANDART,90,,206,E064 90 MM KULPLU 17 OPAK SARI KOLI STANDART,4,3,20.7,4,3,20.7,missing_gramaj_gr
fallback_latest_370_rows_largest_sheet,ESKİ,1358,207,E121A 28MM TRIMSIZ KAPAK 10 OPAK KIRMIZI KOLI STANDART,28,,207,E121A 28MM TRIMSIZ KAPAK 10 OPAK KIRMIZI KOLI STANDART,12,9,27.05,12,9,27.05,missing_gramaj_gr
fallback_latest_370_rows_largest_sheet,ESKİ,1359,210,E031A 110 MM ETİKETLİ FOLYOLU 17 OPAK GOLD PLT.IC.KOLI STANDART,110,,210,E031A 110 MM ETİKETLİ FOLYOLU 17 OPAK GOLD PLT.IC.KOLI STANDART,4,4,22.3,4,4,22.3,missing_gramaj_gr
fallback_latest_370_rows_largest_sheet,ESKİ,1360,303,PR014 110 MM 12 GÖZ TWIST OFF PREFORM 91 OPAK SİYAH KOLI STANDART,110,,303,PR014 110 MM 12 GÖZ TWIST OFF PREFORM 91 OPAK SİYAH KOLI STANDART,12,7,43.4,12,7,43.4,missing_gramaj_gr
fallback_latest_370_rows_largest_sheet,ESKİ,1361,401,1500 CC S011 125 ŞEFFAF ŞEFFAF PLS. PLT STANDART,,,401,1500 CC S011 125 ŞEFFAF ŞEFFAF PLS. PLT STANDART,1,1,10.87,1,1,10.87,missing_agiz_mm_gramaj_gr
fallback_latest_370_rows_largest_sheet,ESKİ,1362,203,E129 6 ŞEFFAF SARI PLT.IC.KOLI STANDART,,,203,E129 6 ŞEFFAF SARI PLT.IC.KOLI STANDART,8,7,17.1,8,7,17.1,missing_agiz_mm_gramaj_gr
fallback_latest_370_rows_largest_sheet,ESKİ,1363,204,E128 28 MM 8 OPAK BEYAZ KOLI CAKMA,28,,204,E128 28 MM 8 OPAK BEYAZ KOLI CAKMA,4,2,16.9,4,2,16.9,missing_gramaj_gr
fallback_latest_370_rows_largest_sheet,ESKİ,1364,205,E049 24 MM KAPAK 3 OPAK YEŞİL PLT.IC.KOLI STANDART,24,,205,E049 24 MM KAPAK 3 OPAK YEŞİL PLT.IC.KOLI STANDART,12,9,23,12,9,23,missing_gramaj_gr
fallback_latest_370_rows_largest_sheet,ESKİ,1365,206,E064 90 MM KULPLU 17 OPAK SARI KOLI STANDART,90,,206,E064 90 MM KULPLU 17 OPAK SARI KOLI STANDART,4,3,22.8,4,3,22.8,missing_gramaj_gr
fallback_latest_370_rows_largest_sheet,ESKİ,1366,207,E121A 28MM TRIMSIZ KAPAK 10 OPAK KIRMIZI KOLI STANDART,28,,207,E121A 28MM TRIMSIZ KAPAK 10 OPAK KIRMIZI KOLI STANDART,12,9,26.87,12,9,26.87,missing_gramaj_gr
fallback_latest_370_rows_largest_sheet,ESKİ,1367,209,E125 62 MM BAHARAT FLİPTOP 12 OPAK GOLD KOLI STANDART,62,,209,E125 62 MM BAHARAT FLİPTOP 12 OPAK GOLD KOLI STANDART,4,3,24.1,4,3,24.1,missing_gramaj_gr
fallback_latest_370_rows_largest_sheet,ESKİ,1368,210,E032 100 MM ETİKETLİ FOLYOLU 13 OPAK YEŞİL PLT.IC.KOLI STANDART,100,,210,E032 100 MM ETİKETLİ FOLYOLU 13 OPAK YEŞİL PLT.IC.KOLI STANDART,4,4,21.2,4,4,21.2,missing_gramaj_gr
fallback_latest_370_rows_largest_sheet,ESKİ,1369,303,PR014 110 MM 12 GÖZ TWIST OFF PREFORM 91 OPAK SİYAH KOLI STANDART,110,,303,PR014 110 MM 12 GÖZ TWIST OFF PREFORM 91 OPAK SİYAH KOLI STANDART,12,7,43.4,12,7,43.4,missing_gramaj_gr
fallback_latest_370_rows_largest_sheet,ESKİ,1370,501,150 CC P134 18 OPAK BEYAZ PALET STANDART,,,501,150 CC P134 18 OPAK BEYAZ PALET STANDART,6,6,14,6,6,14,missing_agiz_mm_gramaj_gr
fallback_latest_370_rows_largest_sheet,ESKİ,1371,401,1500 CC S011 125 ŞEFFAF ŞEFFAF PLS. PLT STANDART,,,401,1500 CC S011 125 ŞEFFAF ŞEFFAF PLS. PLT STANDART,1,1,10.97,1,1,10.97,missing_agiz_mm_gramaj_gr
fallback_latest_370_rows_largest_sheet,ESKİ,1372,405,1200 CC S023 91 OPAK LACİVERT PALET STANDART,,,405,1200 CC S023 91 OPAK LACİVERT PALET STANDART,2,2,8.7,2,2,8.7,missing_agiz_mm_gramaj_gr
fallback_latest_370_rows_largest_sheet,ESKİ,1373,303,PR014 110 MM 12 GÖZ TWIST OFF PREFORM 91 OPAK LACİVERT KOLI STANDART,110,,303,PR014 110 MM 12 GÖZ TWIST OFF PREFORM 91 OPAK LACİVERT KOLI STANDART,12,7,39.4,12,7,39.4,missing_gramaj_gr
fallback_latest_370_rows_largest_sheet,ESKİ,1374,203,E129 6 ŞEFFAF SARI PLT.IC.KOLI STANDART,,,203,E129 6 ŞEFFAF SARI PLT.IC.KOLI STANDART,8,7,17.2,8,7,17.2,missing_agiz_mm_gramaj_gr
fallback_latest_370_rows_largest_sheet,ESKİ,1375,204,E128 28 MM 8 OPAK BEYAZ KOLI CAKMA,28,,204,E128 28 MM 8 OPAK BEYAZ KOLI CAKMA,4,2,17,4,2,17,missing_gramaj_gr
fallback_latest_370_rows_largest_sheet,ESKİ,1376,205,E049 24 MM KAPAK 3 OPAK YEŞİL PLT.IC.KOLI STANDART,24,,205,E049 24 MM KAPAK 3 OPAK YEŞİL PLT.IC.KOLI STANDART,12,9,23,12,9,23,missing_gramaj_gr
fallback_latest_370_rows_largest_sheet,ESKİ,1377,206,E064 90 MM KULPLU 17 OPAK SARI KOLI STANDART,90,,206,E064 90 MM KULPLU 17 OPAK SARI KOLI STANDART,4,3,20,4,3,20,missing_gramaj_gr
fallback_latest_370_rows_largest_sheet,ESKİ,1378,207,E121A 28MM TRIMSIZ KAPAK 10 OPAK KIRMIZI KOLI STANDART,28,,207,E121A 28MM TRIMSIZ KAPAK 10 OPAK KIRMIZI KOLI STANDART,12,9,26.99,12,9,26.99,missing_gramaj_gr
fallback_latest_370_rows_largest_sheet,ESKİ,1379,209,E125 62 MM BAHARAT FLİPTOP 12 OPAK GOLD KOLI STANDART,62,,209,E125 62 MM BAHARAT FLİPTOP 12 OPAK GOLD KOLI STANDART,4,3,23.2,4,3,23.2,missing_gramaj_gr
fallback_latest_370_rows_largest_sheet,ESKİ,1380,210,E032 100 MM ETİKETLİ FOLYOLU 13 OPAK YEŞİL PLT.IC.KOLI STANDART,100,,210,E032 100 MM ETİKETLİ FOLYOLU 13 OPAK YEŞİL PLT.IC.KOLI STANDART,4,4,18.9,4,4,18.9,missing_gramaj_gr
fallback_latest_370_rows_largest_sheet,ESKİ,1381,212,E123 28 MM FLİPTOP 13 ŞEFFAF GÜL KURUSU PLT.IC.KOLI STANDART,28,,212,E123 28 MM FLİPTOP 13 ŞEFFAF GÜL KURUSU PLT.IC.KOLI STANDART,12,12,22.23,12,12,22.23,missing_gramaj_gr
fallback_latest_370_rows_largest_sheet,ESKİ,1382,501,150 CC P134 18 OPAK BEYAZ PALET STANDART,,,501,150 CC P134 18 OPAK BEYAZ PALET STANDART,6,6,16.02,6,6,16.02,missing_agiz_mm_gramaj_gr
fallback_latest_370_rows_largest_sheet,ESKİ,1383,405,1200 CC S023 91 OPAK SİYAH PALET STANDART,,,405,1200 CC S023 91 OPAK SİYAH PALET STANDART,2,2,8.7,2,2,8.7,missing_agiz_mm_gramaj_gr
fallback_latest_370_rows_largest_sheet,ESKİ,1384,501,150 CC P134 18 OPAK BEYAZ PALET STANDART,,,501,150 CC P134 18 OPAK BEYAZ PALET STANDART,6,6,15.02,6,6,15.02,missing_agiz_mm_gramaj_gr
fallback_latest_370_rows_largest_sheet,ESKİ,1385,203,E129 6 ŞEFFAF SARI PLT.IC.KOLI STANDART,,,203,E129 6 ŞEFFAF SARI PLT.IC.KOLI STANDART,8,7,16.9,8,7,16.9,missing_agiz_mm_gramaj_gr
fallback_latest_370_rows_largest_sheet,ESKİ,1386,204,E128 28 MM 8 OPAK BEYAZ KOLI CAKMA,28,,204,E128 28 MM 8 OPAK BEYAZ KOLI CAKMA,4,2,17.8,4,2,17.8,missing_gramaj_gr
fallback_latest_370_rows_largest_sheet,ESKİ,1387,205,E049 24 MM KAPAK 3 OPAK YEŞİL PLT.IC.KOLI STANDART,24,,205,E049 24 MM KAPAK 3 OPAK YEŞİL PLT.IC.KOLI STANDART,12,9,23,12,9,23,missing_gramaj_gr
fallback_latest_370_rows_largest_sheet,ESKİ,1388,206,E064 90 MM KULPLU 17 OPAK SARI KOLI STANDART,90,,206,E064 90 MM KULPLU 17 OPAK SARI KOLI STANDART,4,3,20.1,4,3,20.1,missing_gramaj_gr
fallback_latest_370_rows_largest_sheet,ESKİ,1389,207,E121A 28MM TRIMSIZ KAPAK 10 OPAK KIRMIZI KOLI STANDART,28,,207,E121A 28MM TRIMSIZ KAPAK 10 OPAK KIRMIZI KOLI STANDART,12,9,26.91,12,9,26.91,missing_gramaj_gr
fallback_latest_370_rows_largest_sheet,ESKİ,1390,209,E125 62 MM BAHARAT FLİPTOP 12 OPAK YEŞİL PLT.IC.KOLI STANDART,62,,209,E125 62 MM BAHARAT FLİPTOP 12 OPAK YEŞİL PLT.IC.KOLI STANDART,4,3,24,4,3,24,missing_gramaj_gr
fallback_latest_370_rows_largest_sheet,ESKİ,1391,210,E032 100 MM ETİKETLİ FOLYOLU 13 OPAK YEŞİL PLT.IC.KOLI STANDART,100,,210,E032 100 MM ETİKETLİ FOLYOLU 13 OPAK YEŞİL PLT.IC.KOLI STANDART,4,4,18.4,4,4,18.4,missing_gramaj_gr
fallback_latest_370_rows_largest_sheet,ESKİ,1392,212,E123 28 MM FLİPTOP 13 ŞEFFAF GÜL KURUSU PLT.IC.KOLI STANDART,28,,212,E123 28 MM FLİPTOP 13 ŞEFFAF GÜL KURUSU PLT.IC.KOLI STANDART,12,12,23.84,12,12,23.84,missing_gramaj_gr
fallback_latest_370_rows_largest_sheet,ESKİ,1393,401,700 CC S006 90 ŞEFFAF ŞEFFAF PLS. PLT STANDART,,,401,700 CC S006 90 ŞEFFAF ŞEFFAF PLS. PLT STANDART,1,1,9.37,1,1,9.37,missing_agiz_mm_gramaj_gr
fallback_latest_370_rows_largest_sheet,ESKİ,1394,405,1200 CC S023 91 OPAK SİYAH PALET STANDART,,,405,1200 CC S023 91 OPAK SİYAH PALET STANDART,2,2,8.6,2,2,8.6,missing_agiz_mm_gramaj_gr
fallback_latest_370_rows_largest_sheet,ESKİ,1395,501,150 CC P134 18 OPAK BEYAZ PALET STANDART,,,501,150 CC P134 18 OPAK BEYAZ PALET STANDART,6,6,16.02,6,6,16.02,missing_agiz_mm_gramaj_gr
fallback_latest_370_rows_largest_sheet,ESKİ,1396,203,E129 6 ŞEFFAF SARI PLT.IC.KOLI STANDART,,,203,E129 6 ŞEFFAF SARI PLT.IC.KOLI STANDART,8,7,19.7,8,7,19.7,missing_agiz_mm_gramaj_gr
fallback_latest_370_rows_largest_sheet,ESKİ,1397,204,E128 28 MM 8 OPAK BEYAZ KOLI CAKMA,28,,204,E128 28 MM 8 OPAK BEYAZ KOLI CAKMA,4,2,16.9,4,2,16.9,missing_gramaj_gr
fallback_latest_370_rows_largest_sheet,ESKİ,1398,205,E049 24 MM KAPAK 3 OPAK YEŞİL PLT.IC.KOLI STANDART,24,,205,E049 24 MM KAPAK 3 OPAK YEŞİL PLT.IC.KOLI STANDART,12,9,23.2,12,9,23.2,missing_gramaj_gr
fallback_latest_370_rows_largest_sheet,ESKİ,1399,206,E064 90 MM KULPLU 17 OPAK SARI KOLI STANDART,90,,206,E064 90 MM KULPLU 17 OPAK SARI KOLI STANDART,4,4,26.1,4,4,26.1,missing_gramaj_gr
fallback_latest_370_rows_largest_sheet,ESKİ,1400,207,E121A 28MM TRIMSIZ KAPAK 10 OPAK KIRMIZI KOLI STANDART,28,,207,E121A 28MM TRIMSIZ KAPAK 10 OPAK KIRMIZI KOLI STANDART,12,9,26.86,12,9,26.86,missing_gramaj_gr
fallback_latest_370_rows_largest_sheet,ESKİ,1401,209,E125 62 MM BAHARAT FLİPTOP 12 OPAK GOLD KOLI STANDART,62,,209,E125 62 MM BAHARAT FLİPTOP 12 OPAK GOLD KOLI STANDART,4,4,23.5,4,4,23.5,missing_gramaj_gr
fallback_latest_370_rows_largest_sheet,ESKİ,1402,210,E032 100 MM ETİKETLİ FOLYOLU 13 OPAK YEŞİL PLT.IC.KOLI STANDART,100,,210,E032 100 MM ETİKETLİ FOLYOLU 13 OPAK YEŞİL PLT.IC.KOLI STANDART,4,4,18.5,4,4,18.5,missing_gramaj_gr
fallback_latest_370_rows_largest_sheet,ESKİ,1403,401,1500 CC S011 125 ŞEFFAF ŞEFFAF PLS. PLT STANDART,,,401,1500 CC S011 125 ŞEFFAF ŞEFFAF PLS. PLT STANDART,1,1,11.78,1,1,11.78,missing_agiz_mm_gramaj_gr
fallback_latest_370_rows_largest_sheet,ESKİ,1404,405,750 CC S034 60 OPAK BEYAZ PALET STANDART,,,405,750 CC S034 60 OPAK BEYAZ PALET STANDART,2,2,8.7,2,2,8.7,missing_agiz_mm_gramaj_gr
fallback_latest_370_rows_largest_sheet,ESKİ,1405,303,PR014 110 MM 12 GÖZ TWIST OFF PREFORM 91 OPAK SİYAH KOLI STANDART,110,,303,PR014 110 MM 12 GÖZ TWIST OFF PREFORM 91 OPAK SİYAH KOLI STANDART,12,7,44.8,12,7,44.8,missing_gramaj_gr
fallback_latest_370_rows_largest_sheet,ESKİ,1406,501,150 CC P134 18 OPAK BEYAZ PALET STANDART,,,501,150 CC P134 18 OPAK BEYAZ PALET STANDART,6,6,16.02,6,6,16.02,missing_agiz_mm_gramaj_gr
fallback_latest_370_rows_largest_sheet,ESKİ,1407,203,E129 6 ŞEFFAF SARI PLT.IC.KOLI STANDART,,,203,E129 6 ŞEFFAF SARI PLT.IC.KOLI STANDART,8,7,18.6,8,7,18.6,missing_agiz_mm_gramaj_gr
fallback_latest_370_rows_largest_sheet,ESKİ,1408,204,E128 28 MM 8 OPAK BEYAZ KOLI CAKMA,28,,204,E128 28 MM 8 OPAK BEYAZ KOLI CAKMA,4,2,16.9,4,2,16.9,missing_gramaj_gr
fallback_latest_370_rows_largest_sheet,ESKİ,1409,205,E049 24 MM KAPAK 3 OPAK YEŞİL PLT.IC.KOLI STANDART,24,,205,E049 24 MM KAPAK 3 OPAK YEŞİL PLT.IC.KOLI STANDART,12,9,23.3,12,9,23.3,missing_gramaj_gr
fallback_latest_370_rows_largest_sheet,ESKİ,1410,206,E064 90 MM KULPLU 17 OPAK SARI KOLI STANDART,90,,206,E064 90 MM KULPLU 17 OPAK SARI KOLI STANDART,4,3,18.9,4,3,18.9,missing_gramaj_gr
fallback_latest_370_rows_largest_sheet,ESKİ,1411,207,E121A 28MM TRIMSIZ KAPAK 10 OPAK KIRMIZI KOLI STANDART,28,,207,E121A 28MM TRIMSIZ KAPAK 10 OPAK KIRMIZI KOLI STANDART,12,9,26.95,12,9,26.95,missing_gramaj_gr
fallback_latest_370_rows_largest_sheet,ESKİ,1412,209,E125 62 MM BAHARAT FLİPTOP 12 OPAK GOLD KOLI STANDART,62,,209,E125 62 MM BAHARAT FLİPTOP 12 OPAK GOLD KOLI STANDART,4,3,24,4,3,24,missing_gramaj_gr
fallback_latest_370_rows_largest_sheet,ESKİ,1413,210,E032 100 MM ETİKETLİ FOLYOLU 13 OPAK MAVİ PLT.IC.KOLI STANDART,100,,210,E032 100 MM ETİKETLİ FOLYOLU 13 OPAK MAVİ PLT.IC.KOLI STANDART,4,4,17.6,4,4,17.6,missing_gramaj_gr
fallback_latest_370_rows_largest_sheet,ESKİ,1414,401,1500 CC S011 125 ŞEFFAF ŞEFFAF PLS. PLT STANDART,,,401,1500 CC S011 125 ŞEFFAF ŞEFFAF PLS. PLT STANDART,1,1,11.81,1,1,11.81,missing_agiz_mm_gramaj_gr
fallback_latest_370_rows_largest_sheet,ESKİ,1415,405,750 CC S034 60 OPAK BEYAZ PALET STANDART,,,405,750 CC S034 60 OPAK BEYAZ PALET STANDART,2,2,8.9,2,2,8.9,missing_agiz_mm_gramaj_gr
fallback_latest_370_rows_largest_sheet,ESKİ,1416,303,PR014 110 MM 12 GÖZ YİVLİ PREFORM 91 ŞEFFAF ŞEFFAF KOLI STANDART,110,,303,PR014 110 MM 12 GÖZ YİVLİ PREFORM 91 ŞEFFAF ŞEFFAF KOLI STANDART,12,7,42.8,12,7,42.8,missing_gramaj_gr
fallback_latest_370_rows_largest_sheet,ESKİ,1417,203,E129 6 ŞEFFAF SARI PLT.IC.KOLI STANDART,,,203,E129 6 ŞEFFAF SARI PLT.IC.KOLI STANDART,8,8,20.7,8,8,20.7,missing_agiz_mm_gramaj_gr
fallback_latest_370_rows_largest_sheet,ESKİ,1418,204,E128 28 MM 8 OPAK BEYAZ KOLI CAKMA,28,,204,E128 28 MM 8 OPAK BEYAZ KOLI CAKMA,4,2,15.9,4,2,15.9,missing_gramaj_gr
fallback_latest_370_rows_largest_sheet,ESKİ,1419,205,E049 24 MM KAPAK 3 OPAK YEŞİL PLT.IC.KOLI STANDART,24,,205,E049 24 MM KAPAK 3 OPAK YEŞİL PLT.IC.KOLI STANDART,12,9,24.1,12,9,24.1,missing_gramaj_gr
fallback_latest_370_rows_largest_sheet,ESKİ,1420,207,E121A 28MM TRIMSIZ KAPAK 10 OPAK KIRMIZI KOLI STANDART,28,,207,E121A 28MM TRIMSIZ KAPAK 10 OPAK KIRMIZI KOLI STANDART,12,7,26.97,12,7,26.97,missing_gramaj_gr
fallback_latest_370_rows_largest_sheet,ESKİ,1421,209,E125 62 MM BAHARAT FLİPTOP 12 OPAK GOLD KOLI STANDART,62,,209,E125 62 MM BAHARAT FLİPTOP 12 OPAK GOLD KOLI STANDART,4,3,24.1,4,3,24.1,missing_gramaj_gr
fallback_latest_370_rows_largest_sheet,ESKİ,1422,210,E032 100 MM ETİKETLİ FOLYOLU 13 OPAK MAVİ PLT.IC.KOLI STANDART,100,,210,E032 100 MM ETİKETLİ FOLYOLU 13 OPAK MAVİ PLT.IC.KOLI STANDART,4,4,18.8,4,4,18.8,missing_gramaj_gr
fallback_latest_370_rows_largest_sheet,ESKİ,1423,212,E123 28 MM FLİPTOP 13 ŞEFFAF YEŞİL PLT.IC.KOLI STANDART,28,,212,E123 28 MM FLİPTOP 13 ŞEFFAF YEŞİL PLT.IC.KOLI STANDART,12,12,22.53,12,12,22.53,missing_gramaj_gr
fallback_latest_370_rows_largest_sheet,ESKİ,1424,203,E129 6 ŞEFFAF SARI PLT.IC.KOLI STANDART,,,203,E129 6 ŞEFFAF SARI PLT.IC.KOLI STANDART,8,8,20.5,8,8,20.5,missing_agiz_mm_gramaj_gr
fallback_latest_370_rows_largest_sheet,ESKİ,1425,204,E128 28 MM 8 OPAK BEYAZ KOLI CAKMA,28,,204,E128 28 MM 8 OPAK BEYAZ KOLI CAKMA,4,2,15.4,4,2,15.4,missing_gramaj_gr
fallback_latest_370_rows_largest_sheet,ESKİ,1426,205,E049 24 MM KAPAK 3 OPAK YEŞİL PLT.IC.KOLI STANDART,24,,205,E049 24 MM KAPAK 3 OPAK YEŞİL PLT.IC.KOLI STANDART,12,9,23.5,12,9,23.5,missing_gramaj_gr
fallback_latest_370_rows_largest_sheet,ESKİ,1427,207,E121A 28MM TRIMSIZ KAPAK 10 OPAK KIRMIZI KOLI STANDART,28,,207,E121A 28MM TRIMSIZ KAPAK 10 OPAK KIRMIZI KOLI STANDART,12,9,26.96,12,9,26.96,missing_gramaj_gr
fallback_latest_370_rows_largest_sheet,ESKİ,1428,209,E125 62 MM BAHARAT FLİPTOP 12 OPAK GOLD KOLI STANDART,62,,209,E125 62 MM BAHARAT FLİPTOP 12 OPAK GOLD KOLI STANDART,4,3,24,4,3,24,missing_gramaj_gr
fallback_latest_370_rows_largest_sheet,ESKİ,1429,210,E032 100 MM ETİKETLİ FOLYOLU 13 OPAK MAVİ PLT.IC.KOLI STANDART,100,,210,E032 100 MM ETİKETLİ FOLYOLU 13 OPAK MAVİ PLT.IC.KOLI STANDART,4,4,18.4,4,4,18.4,missing_gramaj_gr
fallback_latest_370_rows_largest_sheet,ESKİ,1430,212,E123 28 MM FLİPTOP 13 ŞEFFAF YEŞİL PLT.IC.KOLI STANDART,28,,212,E123 28 MM FLİPTOP 13 ŞEFFAF YEŞİL PLT.IC.KOLI STANDART,12,12,22.57,12,12,22.57,missing_gramaj_gr
fallback_latest_370_rows_largest_sheet,ESKİ,1431,301,PR003 90 MM 4 GÖZ YİVLİ PREFORM 61 OPAK BEYAZ KOLI STANDART,90,,301,PR003 90 MM 4 GÖZ YİVLİ PREFORM 61 OPAK BEYAZ KOLI STANDART,4,4,28.5,4,4,28.5,missing_gramaj_gr
fallback_latest_370_rows_largest_sheet,ESKİ,1432,303,PR014 110 MM 12 GÖZ YİVLİ PREFORM 91 ŞEFFAF ŞEFFAF KOLI STANDART,110,,303,PR014 110 MM 12 GÖZ YİVLİ PREFORM 91 ŞEFFAF ŞEFFAF KOLI STANDART,12,7,42.9,12,7,42.9,missing_gramaj_gr
fallback_latest_370_rows_largest_sheet,ESKİ,1433,401,1500 CC S011 125 ŞEFFAF ŞEFFAF PLS. PLT STANDART,,,401,1500 CC S011 125 ŞEFFAF ŞEFFAF PLS. PLT STANDART,1,1,11.88,1,1,11.88,missing_agiz_mm_gramaj_gr
fallback_latest_370_rows_largest_sheet,ESKİ,1434,405,750 CC S034 60 OPAK BEYAZ PALET STANDART,,,405,750 CC S034 60 OPAK BEYAZ PALET STANDART,2,2,8.8,2,2,8.8,missing_agiz_mm_gramaj_gr
fallback_latest_370_rows_largest_sheet,ESKİ,1435,204,E128 28 MM 8 OPAK BEYAZ KOLI CAKMA,28,,204,E128 28 MM 8 OPAK BEYAZ KOLI CAKMA,4,2,15.7,4,2,15.7,missing_gramaj_gr
fallback_latest_370_rows_largest_sheet,ESKİ,1436,205,E049 24 MM KAPAK 3 OPAK YEŞİL PLT.IC.KOLI STANDART,24,,205,E049 24 MM KAPAK 3 OPAK YEŞİL PLT.IC.KOLI STANDART,12,9,22.3,12,9,22.3,missing_gramaj_gr
fallback_latest_370_rows_largest_sheet,ESKİ,1437,207,E121A 28MM TRIMSIZ KAPAK 10 OPAK KIRMIZI KOLI STANDART,28,,207,E121A 28MM TRIMSIZ KAPAK 10 OPAK KIRMIZI KOLI STANDART,12,9,27.1,12,9,27.1,missing_gramaj_gr
fallback_latest_370_rows_largest_sheet,ESKİ,1438,209,E125 62 MM BAHARAT FLİPTOP 12 OPAK GOLD KOLI STANDART,62,,209,E125 62 MM BAHARAT FLİPTOP 12 OPAK GOLD KOLI STANDART,4,3,24,4,3,24,missing_gramaj_gr
fallback_latest_370_rows_largest_sheet,ESKİ,1439,210,E031A 110 MM ETİKETLİ FOLYOLU 17 OPAK YEŞİL PLT.IC.KOLI STANDART,110,,210,E031A 110 MM ETİKETLİ FOLYOLU 17 OPAK YEŞİL PLT.IC.KOLI STANDART,4,4,20.9,4,4,20.9,missing_gramaj_gr
fallback_latest_370_rows_largest_sheet,ESKİ,1440,212,E123 28 MM FLİPTOP 13 ŞEFFAF YEŞİL PLT.IC.KOLI STANDART,28,,212,E123 28 MM FLİPTOP 13 ŞEFFAF YEŞİL PLT.IC.KOLI STANDART,12,12,22.46,12,12,22.46,missing_gramaj_gr
fallback_latest_370_rows_largest_sheet,ESKİ,1441,301,PR003 90 MM 4 GÖZ YİVLİ PREFORM 61 OPAK BEYAZ KOLI STANDART,90,,301,PR003 90 MM 4 GÖZ YİVLİ PREFORM 61 OPAK BEYAZ KOLI STANDART,4,4,28.5,4,4,28.5,missing_gramaj_gr
fallback_latest_370_rows_largest_sheet,ESKİ,1442,501,1000 CC P128 43 OPAK BEYAZ PALET STANDART,,,501,1000 CC P128 43 OPAK BEYAZ PALET STANDART,6,6,18.02,6,6,18.02,missing_agiz_mm_gramaj_gr
fallback_latest_370_rows_largest_sheet,ESKİ,1443,503,5000 CC P061 170 OPAK BEYAZ POSET STANDART,,,503,5000 CC P061 170 OPAK BEYAZ POSET STANDART,1,1,15,1,1,15,missing_agiz_mm_gramaj_gr
fallback_latest_370_rows_largest_sheet,ESKİ,1444,203,E129 6 ŞEFFAF SARI PLT.IC.KOLI STANDART,,,203,E129 6 ŞEFFAF SARI PLT.IC.KOLI STANDART,8,8,19.3,8,8,19.3,missing_agiz_mm_gramaj_gr
fallback_latest_370_rows_largest_sheet,ESKİ,1445,204,E128 28 MM 8 OPAK BEYAZ KOLI CAKMA,28,,204,E128 28 MM 8 OPAK BEYAZ KOLI CAKMA,4,2,16.6,4,2,16.6,missing_gramaj_gr
fallback_latest_370_rows_largest_sheet,ESKİ,1446,205,E049 24 MM KAPAK 3 OPAK MAVİ PLT.IC.KOLI STANDART,24,,205,E049 24 MM KAPAK 3 OPAK MAVİ PLT.IC.KOLI STANDART,12,9,22.3,12,9,22.3,missing_gramaj_gr
fallback_latest_370_rows_largest_sheet,ESKİ,1447,207,E121A 28MM TRIMSIZ KAPAK 10 OPAK KIRMIZI KOLI STANDART,28,,207,E121A 28MM TRIMSIZ KAPAK 10 OPAK KIRMIZI KOLI STANDART,12,9,27.09,12,9,27.09,missing_gramaj_gr
fallback_latest_370_rows_largest_sheet,ESKİ,1448,209,E125 62 MM BAHARAT FLİPTOP 12 OPAK GOLD KOLI STANDART,62,,209,E125 62 MM BAHARAT FLİPTOP 12 OPAK GOLD KOLI STANDART,4,3,24,4,3,24,missing_gramaj_gr
fallback_latest_370_rows_largest_sheet,ESKİ,1449,210,E031A 110 MM ETİKETLİ FOLYOLU 17 OPAK YEŞİL PLT.IC.KOLI STANDART,110,,210,E031A 110 MM ETİKETLİ FOLYOLU 17 OPAK YEŞİL PLT.IC.KOLI STANDART,4,3,17,4,3,17,missing_gramaj_gr
fallback_latest_370_rows_largest_sheet,ESKİ,1450,212,E123 28 MM FLİPTOP 13 ŞEFFAF YEŞİL PLT.IC.KOLI STANDART,28,,212,E123 28 MM FLİPTOP 13 ŞEFFAF YEŞİL PLT.IC.KOLI STANDART,12,12,22.85,12,12,22.85,missing_gramaj_gr
fallback_latest_370_rows_largest_sheet,ESKİ,1451,302,PR017 38 MM 12 GÖZ YİVLİ PREFORM  73 OPAK BEYAZ KOLI STANDART,38,,302,PR017 38 MM 12 GÖZ YİVLİ PREFORM  73 OPAK BEYAZ KOLI STANDART,12,10,48.24,12,10,48.24,missing_gramaj_gr
fallback_latest_370_rows_largest_sheet,ESKİ,1452,501,1000 CC P128 43 OPAK BEYAZ PALET STANDART,,,501,1000 CC P128 43 OPAK BEYAZ PALET STANDART,6,6,18.02,6,6,18.02,missing_agiz_mm_gramaj_gr
fallback_latest_370_rows_largest_sheet,ESKİ,1453,401,2000 CC S003 61 ŞEFFAF ŞEFFAF POSET STANDART,,,401,2000 CC S003 61 ŞEFFAF ŞEFFAF POSET STANDART,1,1,9.58,1,1,9.58,missing_agiz_mm_gramaj_gr
fallback_latest_370_rows_largest_sheet,ESKİ,1454,402,1500 CC S043S 74 OPAK BEYAZ PALET STANDART (S),,,402,1500 CC S043S 74 OPAK BEYAZ PALET STANDART (S),2,2,8.7,2,2,8.7,missing_agiz_mm_gramaj_gr
fallback_latest_370_rows_largest_sheet,ESKİ,1455,405,750 CC S034 60 OPAK BEYAZ PALET STANDART,,,405,750 CC S034 60 OPAK BEYAZ PALET STANDART,2,2,8.9,2,2,8.9,missing_agiz_mm_gramaj_gr
fallback_latest_370_rows_largest_sheet,ESKİ,1456,203,E129 6 ŞEFFAF SARI PLT.IC.KOLI STANDART,,,203,E129 6 ŞEFFAF SARI PLT.IC.KOLI STANDART,8,8,19.1,8,8,19.1,missing_agiz_mm_gramaj_gr
fallback_latest_370_rows_largest_sheet,ESKİ,1457,204,E128 28 MM 8 OPAK BEYAZ KOLI CAKMA,28,,204,E128 28 MM 8 OPAK BEYAZ KOLI CAKMA,4,2,16.6,4,2,16.6,missing_gramaj_gr
fallback_latest_370_rows_largest_sheet,ESKİ,1458,205,E049 24 MM KAPAK 3 OPAK MAVİ PLT.IC.KOLI STANDART,24,,205,E049 24 MM KAPAK 3 OPAK MAVİ PLT.IC.KOLI STANDART,12,9,22.3,12,9,22.3,missing_gramaj_gr
fallback_latest_370_rows_largest_sheet,ESKİ,1459,207,E121A 28MM TRIMSIZ KAPAK 10 OPAK KIRMIZI KOLI STANDART,28,,207,E121A 28MM TRIMSIZ KAPAK 10 OPAK KIRMIZI KOLI STANDART,12,9,26.92,12,9,26.92,missing_gramaj_gr
fallback_latest_370_rows_largest_sheet,ESKİ,1460,212,E123 28 MM FLİPTOP 13 OPAK GOLD PLT.IC.KOLI STANDART,28,,212,E123 28 MM FLİPTOP 13 OPAK GOLD PLT.IC.KOLI STANDART,12,12,22.26,12,12,22.26,missing_gramaj_gr
fallback_latest_370_rows_largest_sheet,ESKİ,1461,302,PR017 38 MM 12 GÖZ YİVLİ PREFORM  73 OPAK BEYAZ KOLI STANDART,38,,302,PR017 38 MM 12 GÖZ YİVLİ PREFORM  73 OPAK BEYAZ KOLI STANDART,12,10,48.23,12,10,48.23,missing_gramaj_gr
fallback_latest_370_rows_largest_sheet,ESKİ,1462,401,2000 CC S003 61 ŞEFFAF ŞEFFAF POSET STANDART,,,401,2000 CC S003 61 ŞEFFAF ŞEFFAF POSET STANDART,1,1,10.13,1,1,10.13,missing_agiz_mm_gramaj_gr
fallback_latest_370_rows_largest_sheet,ESKİ,1463,402,1500 CC S043S 74 OPAK BEYAZ PALET STANDART (S),,,402,1500 CC S043S 74 OPAK BEYAZ PALET STANDART (S),2,2,9,2,2,9,missing_agiz_mm_gramaj_gr
fallback_latest_370_rows_largest_sheet,ESKİ,1464,405,1200 CC S023 91 OPAK SİYAH PALET STANDART,,,405,1200 CC S023 91 OPAK SİYAH PALET STANDART,2,2,8.2,2,2,8.2,missing_agiz_mm_gramaj_gr
fallback_latest_370_rows_largest_sheet,ESKİ,1465,501,1000 CC P128 43 OPAK BEYAZ PALET STANDART,,,501,1000 CC P128 43 OPAK BEYAZ PALET STANDART,6,6,18.02,6,6,18.02,missing_agiz_mm_gramaj_gr
